0 verbose cli /opt/homebrew/Cellar/node@22/22.22.0/bin/node /opt/homebrew/bin/npm
1 info using npm@10.9.4
2 info using node@v22.22.0
3 silly config load:file:/opt/homebrew/Cellar/node@22/22.22.0/lib/node_modules/npm/npmrc
4 silly config load:file:/Users/idomc/Desktop/Egghead/MidSouth Lube/.npmrc
5 silly config load:file:/Users/idomc/.npmrc
6 silly config load:file:/opt/homebrew/etc/npmrc
7 verbose title npm install
8 verbose argv "install" "--cache" ".npm-cache" "--legacy-peer-deps"
9 verbose logfile logs-max:10 dir:/Users/idomc/Desktop/Egghead/MidSouth Lube/.npm-cache/_logs/2026-06-28T22_53_24_846Z-
10 verbose logfile /Users/idomc/Desktop/Egghead/MidSouth Lube/.npm-cache/_logs/2026-06-28T22_53_24_846Z-debug-0.log
11 silly logfile done cleaning log files
12 silly packumentCache heap:4345298944 maxSize:1086324736 maxEntrySize:543162368
13 silly idealTree buildDeps
14 silly fetch manifest @fontsource-variable/ibm-plex-sans@5.2.6
15 silly packumentCache full:https://registry.npmjs.org/@fontsource-variable%2fibm-plex-sans cache-miss
16 http fetch GET 200 https://registry.npmjs.org/@fontsource-variable%2fibm-plex-sans 252ms (cache miss)
17 silly packumentCache full:https://registry.npmjs.org/@fontsource-variable%2fibm-plex-sans set size:undefined disposed:false
18 silly fetch manifest @phosphor-icons/react@2.1.10
19 silly packumentCache full:https://registry.npmjs.org/@phosphor-icons%2freact cache-miss
20 http fetch GET 200 https://registry.npmjs.org/npm 337ms
21 http fetch GET 200 https://registry.npmjs.org/@phosphor-icons%2freact 80ms (cache miss)
22 silly packumentCache full:https://registry.npmjs.org/@phosphor-icons%2freact set size:undefined disposed:false
23 silly fetch manifest react@19.1.0
24 silly packumentCache full:https://registry.npmjs.org/react cache-miss
25 http fetch GET 200 https://registry.npmjs.org/react 214ms (cache miss)
26 silly packumentCache full:https://registry.npmjs.org/react set size:undefined disposed:false
27 silly fetch manifest react-dom@19.1.0
28 silly packumentCache full:https://registry.npmjs.org/react-dom cache-miss
29 http fetch GET 200 https://registry.npmjs.org/react-dom 271ms (cache miss)
30 silly packumentCache full:https://registry.npmjs.org/react-dom set size:undefined disposed:false
31 silly fetch manifest @vitejs/plugin-react@4.3.1
32 silly packumentCache full:https://registry.npmjs.org/@vitejs%2fplugin-react cache-miss
33 http fetch GET 200 https://registry.npmjs.org/@vitejs%2fplugin-react 83ms (cache miss)
34 silly packumentCache full:https://registry.npmjs.org/@vitejs%2fplugin-react set size:undefined disposed:false
35 silly fetch manifest vite@5.4.2
36 silly packumentCache full:https://registry.npmjs.org/vite cache-miss
37 http fetch GET 200 https://registry.npmjs.org/vite 1142ms (cache miss)
38 silly packumentCache full:https://registry.npmjs.org/vite set size:undefined disposed:false
39 silly placeDep ROOT @fontsource-variable/ibm-plex-sans@5.2.6 OK for: mid-south-lubricants-landing@0.1.0 want: 5.2.6
40 silly placeDep ROOT @phosphor-icons/react@2.1.10 OK for: mid-south-lubricants-landing@0.1.0 want: 2.1.10
41 silly placeDep ROOT @vitejs/plugin-react@4.3.1 OK for: mid-south-lubricants-landing@0.1.0 want: 4.3.1
42 silly placeDep ROOT react@19.1.0 OK for: mid-south-lubricants-landing@0.1.0 want: 19.1.0
43 silly placeDep ROOT react-dom@19.1.0 OK for: mid-south-lubricants-landing@0.1.0 want: 19.1.0
44 silly placeDep ROOT vite@5.4.2 OK for: mid-south-lubricants-landing@0.1.0 want: 5.4.2
45 silly fetch manifest @babel/core@^7.24.5
46 silly packumentCache full:https://registry.npmjs.org/@babel%2fcore cache-miss
47 silly fetch manifest react-refresh@^0.14.2
48 silly packumentCache full:https://registry.npmjs.org/react-refresh cache-miss
49 silly fetch manifest @types/babel__core@^7.20.5
50 silly packumentCache full:https://registry.npmjs.org/@types%2fbabel__core cache-miss
51 silly fetch manifest @babel/plugin-transform-react-jsx-self@^7.24.5
52 silly packumentCache full:https://registry.npmjs.org/@babel%2fplugin-transform-react-jsx-self cache-miss
53 silly fetch manifest @babel/plugin-transform-react-jsx-source@^7.24.1
54 silly packumentCache full:https://registry.npmjs.org/@babel%2fplugin-transform-react-jsx-source cache-miss
55 silly fetch manifest scheduler@^0.26.0
56 silly packumentCache full:https://registry.npmjs.org/scheduler cache-miss
57 silly fetch manifest rollup@^4.20.0
58 silly packumentCache full:https://registry.npmjs.org/rollup cache-miss
59 http fetch GET 200 https://registry.npmjs.org/@babel%2fcore 106ms (cache miss)
60 silly packumentCache full:https://registry.npmjs.org/@babel%2fcore set size:undefined disposed:false
61 silly fetch manifest esbuild@^0.21.3
62 silly packumentCache full:https://registry.npmjs.org/esbuild cache-miss
63 http fetch GET 200 https://registry.npmjs.org/@types%2fbabel__core 193ms (cache miss)
64 silly packumentCache full:https://registry.npmjs.org/@types%2fbabel__core set size:undefined disposed:false
65 silly fetch manifest postcss@^8.4.41
66 silly packumentCache full:https://registry.npmjs.org/postcss cache-miss
67 http fetch GET 200 https://registry.npmjs.org/react-refresh 202ms (cache miss)
68 silly packumentCache full:https://registry.npmjs.org/react-refresh set size:undefined disposed:false
69 silly fetch manifest fsevents@~2.3.3
70 silly packumentCache full:https://registry.npmjs.org/fsevents cache-miss
71 http fetch GET 200 https://registry.npmjs.org/@babel%2fplugin-transform-react-jsx-source 310ms (cache miss)
72 silly packumentCache full:https://registry.npmjs.org/@babel%2fplugin-transform-react-jsx-source set size:undefined disposed:false
73 http fetch GET 200 https://registry.npmjs.org/@babel%2fplugin-transform-react-jsx-self 317ms (cache miss)
74 silly packumentCache full:https://registry.npmjs.org/@babel%2fplugin-transform-react-jsx-self set size:undefined disposed:false
75 http fetch GET 200 https://registry.npmjs.org/esbuild 209ms (cache miss)
76 silly packumentCache full:https://registry.npmjs.org/esbuild set size:undefined disposed:false
77 http fetch GET 200 https://registry.npmjs.org/postcss 147ms (cache miss)
78 silly packumentCache full:https://registry.npmjs.org/postcss set size:undefined disposed:false
79 http fetch GET 200 https://registry.npmjs.org/fsevents 87ms (cache miss)
80 silly packumentCache full:https://registry.npmjs.org/fsevents set size:undefined disposed:false
81 http fetch GET 200 https://registry.npmjs.org/rollup 426ms (cache miss)
82 silly packumentCache full:https://registry.npmjs.org/rollup set size:undefined disposed:false
83 http fetch GET 200 https://registry.npmjs.org/scheduler 521ms (cache miss)
84 silly packumentCache full:https://registry.npmjs.org/scheduler set size:undefined disposed:false
85 silly placeDep ROOT @babel/core@7.29.7 OK for: @vitejs/plugin-react@4.3.1 want: ^7.24.5
86 silly placeDep ROOT @babel/plugin-transform-react-jsx-self@7.29.7 OK for: @vitejs/plugin-react@4.3.1 want: ^7.24.5
87 silly placeDep ROOT @babel/plugin-transform-react-jsx-source@7.29.7 OK for: @vitejs/plugin-react@4.3.1 want: ^7.24.1
88 silly placeDep ROOT @types/babel__core@7.20.5 OK for: @vitejs/plugin-react@4.3.1 want: ^7.20.5
89 silly placeDep ROOT react-refresh@0.14.2 OK for: @vitejs/plugin-react@4.3.1 want: ^0.14.2
90 silly fetch manifest debug@^4.1.0
91 silly packumentCache full:https://registry.npmjs.org/debug cache-miss
92 silly fetch manifest json5@^2.2.3
93 silly packumentCache full:https://registry.npmjs.org/json5 cache-miss
94 silly fetch manifest semver@^6.3.1
95 silly packumentCache full:https://registry.npmjs.org/semver cache-miss
96 silly fetch manifest gensync@^1.0.0-beta.2
97 silly packumentCache full:https://registry.npmjs.org/gensync cache-miss
98 silly fetch manifest @babel/types@^7.29.7
99 silly packumentCache full:https://registry.npmjs.org/@babel%2ftypes cache-miss
100 silly fetch manifest @babel/parser@^7.29.7
101 silly packumentCache full:https://registry.npmjs.org/@babel%2fparser cache-miss
102 silly fetch manifest @babel/helpers@^7.29.7
103 silly packumentCache full:https://registry.npmjs.org/@babel%2fhelpers cache-miss
104 http fetch GET 200 https://registry.npmjs.org/gensync 68ms (cache miss)
105 silly packumentCache full:https://registry.npmjs.org/gensync set size:undefined disposed:false
106 silly fetch manifest @babel/template@^7.29.7
107 silly packumentCache full:https://registry.npmjs.org/@babel%2ftemplate cache-miss
108 http fetch GET 200 https://registry.npmjs.org/json5 79ms (cache miss)
109 silly packumentCache full:https://registry.npmjs.org/json5 set size:undefined disposed:false
110 silly fetch manifest @babel/traverse@^7.29.7
111 silly packumentCache full:https://registry.npmjs.org/@babel%2ftraverse cache-miss
112 http fetch GET 200 https://registry.npmjs.org/debug 90ms (cache miss)
113 silly packumentCache full:https://registry.npmjs.org/debug set size:undefined disposed:false
114 silly fetch manifest @babel/generator@^7.29.7
115 silly packumentCache full:https://registry.npmjs.org/@babel%2fgenerator cache-miss
116 http fetch GET 200 https://registry.npmjs.org/semver 100ms (cache miss)
117 silly packumentCache full:https://registry.npmjs.org/semver set size:undefined disposed:false
118 silly fetch manifest @babel/code-frame@^7.29.7
119 silly packumentCache full:https://registry.npmjs.org/@babel%2fcode-frame cache-miss
120 http fetch GET 200 https://registry.npmjs.org/@babel%2fhelpers 122ms (cache miss)
121 silly packumentCache full:https://registry.npmjs.org/@babel%2fhelpers set size:undefined disposed:false
122 silly fetch manifest convert-source-map@^2.0.0
123 silly packumentCache full:https://registry.npmjs.org/convert-source-map cache-miss
124 http fetch GET 200 https://registry.npmjs.org/@babel%2ftypes 130ms (cache miss)
125 silly packumentCache full:https://registry.npmjs.org/@babel%2ftypes set size:undefined disposed:false
126 silly fetch manifest @jridgewell/remapping@^2.3.5
127 silly packumentCache full:https://registry.npmjs.org/@jridgewell%2fremapping cache-miss
128 http fetch GET 200 https://registry.npmjs.org/@babel%2fparser 135ms (cache miss)
129 silly packumentCache full:https://registry.npmjs.org/@babel%2fparser set size:undefined disposed:false
130 silly fetch manifest @babel/helper-module-transforms@^7.29.7
131 silly packumentCache full:https://registry.npmjs.org/@babel%2fhelper-module-transforms cache-miss
132 http fetch GET 200 https://registry.npmjs.org/@babel%2ftemplate 99ms (cache miss)
133 silly packumentCache full:https://registry.npmjs.org/@babel%2ftemplate set size:undefined disposed:false
134 silly fetch manifest @babel/helper-compilation-targets@^7.29.7
135 silly packumentCache full:https://registry.npmjs.org/@babel%2fhelper-compilation-targets cache-miss
136 http fetch GET 200 https://registry.npmjs.org/@babel%2ftraverse 110ms (cache miss)
137 silly packumentCache full:https://registry.npmjs.org/@babel%2ftraverse set size:undefined disposed:false
138 silly fetch manifest @babel/helper-plugin-utils@^7.29.7
139 silly packumentCache full:https://registry.npmjs.org/@babel%2fhelper-plugin-utils cache-miss
140 http fetch GET 200 https://registry.npmjs.org/convert-source-map 71ms (cache miss)
141 silly packumentCache full:https://registry.npmjs.org/convert-source-map set size:undefined disposed:false
142 silly fetch manifest @babel/helper-plugin-utils@^7.29.7
143 silly packumentCache full:https://registry.npmjs.org/@babel%2fhelper-plugin-utils cache-miss
144 http fetch GET 200 https://registry.npmjs.org/@babel%2fcode-frame 111ms (cache miss)
145 silly packumentCache full:https://registry.npmjs.org/@babel%2fcode-frame set size:undefined disposed:false
146 silly fetch manifest @babel/types@^7.20.7
147 silly packumentCache full:https://registry.npmjs.org/@babel%2ftypes cache-miss
148 http fetch GET 200 https://registry.npmjs.org/@babel%2fgenerator 127ms (cache miss)
149 silly packumentCache full:https://registry.npmjs.org/@babel%2fgenerator set size:undefined disposed:false
150 silly fetch manifest @babel/parser@^7.20.7
151 silly packumentCache full:https://registry.npmjs.org/@babel%2fparser cache-miss
152 http cache https://registry.npmjs.org/@babel%2ftypes 24ms (cache hit)
153 silly packumentCache full:https://registry.npmjs.org/@babel%2ftypes set size:498480 disposed:false
154 silly fetch manifest @types/babel__template@*
155 silly packumentCache full:https://registry.npmjs.org/@types%2fbabel__template cache-miss
156 http cache https://registry.npmjs.org/@babel%2fparser 38ms (cache hit)
157 silly packumentCache full:https://registry.npmjs.org/@babel%2fparser set size:732981 disposed:false
158 silly fetch manifest @types/babel__traverse@*
159 silly packumentCache full:https://registry.npmjs.org/@types%2fbabel__traverse cache-miss
160 http fetch GET 200 https://registry.npmjs.org/@jridgewell%2fremapping 133ms (cache miss)
161 silly packumentCache full:https://registry.npmjs.org/@jridgewell%2fremapping set size:undefined disposed:false
162 silly fetch manifest @types/babel__generator@*
163 silly packumentCache full:https://registry.npmjs.org/@types%2fbabel__generator cache-miss
164 http fetch GET 200 https://registry.npmjs.org/@babel%2fhelper-compilation-targets 106ms (cache miss)
165 silly packumentCache full:https://registry.npmjs.org/@babel%2fhelper-compilation-targets set size:undefined disposed:false
166 http fetch GET 200 https://registry.npmjs.org/@babel%2fhelper-module-transforms 132ms (cache miss)
167 silly packumentCache full:https://registry.npmjs.org/@babel%2fhelper-module-transforms set size:undefined disposed:false
168 http fetch GET 200 https://registry.npmjs.org/@babel%2fhelper-plugin-utils 99ms (cache miss)
169 silly packumentCache full:https://registry.npmjs.org/@babel%2fhelper-plugin-utils set size:undefined disposed:false
170 http fetch GET 200 https://registry.npmjs.org/@babel%2fhelper-plugin-utils 88ms (cache miss)
171 silly packumentCache full:https://registry.npmjs.org/@babel%2fhelper-plugin-utils set size:undefined disposed:false
172 http fetch GET 200 https://registry.npmjs.org/@types%2fbabel__template 68ms (cache miss)
173 silly packumentCache full:https://registry.npmjs.org/@types%2fbabel__template set size:undefined disposed:false
174 http fetch GET 200 https://registry.npmjs.org/@types%2fbabel__traverse 78ms (cache miss)
175 silly packumentCache full:https://registry.npmjs.org/@types%2fbabel__traverse set size:undefined disposed:false
176 http fetch GET 200 https://registry.npmjs.org/@types%2fbabel__generator 73ms (cache miss)
177 silly packumentCache full:https://registry.npmjs.org/@types%2fbabel__generator set size:undefined disposed:false
178 silly placeDep ROOT @babel/code-frame@7.29.7 OK for: @babel/core@7.29.7 want: ^7.29.7
179 silly placeDep ROOT @babel/generator@7.29.7 OK for: @babel/core@7.29.7 want: ^7.29.7
180 silly placeDep ROOT @babel/helper-compilation-targets@7.29.7 OK for: @babel/core@7.29.7 want: ^7.29.7
181 silly placeDep ROOT @babel/helper-module-transforms@7.29.7 OK for: @babel/core@7.29.7 want: ^7.29.7
182 silly placeDep ROOT @babel/helpers@7.29.7 OK for: @babel/core@7.29.7 want: ^7.29.7
183 silly placeDep ROOT @babel/parser@7.29.7 OK for: @babel/core@7.29.7 want: ^7.29.7
184 silly placeDep ROOT @babel/template@7.29.7 OK for: @babel/core@7.29.7 want: ^7.29.7
185 silly placeDep ROOT @babel/traverse@7.29.7 OK for: @babel/core@7.29.7 want: ^7.29.7
186 silly placeDep ROOT @babel/types@7.29.7 OK for: @babel/core@7.29.7 want: ^7.29.7
187 silly placeDep ROOT @jridgewell/remapping@2.3.5 OK for: @babel/core@7.29.7 want: ^2.3.5
188 silly placeDep ROOT convert-source-map@2.0.0 OK for: @babel/core@7.29.7 want: ^2.0.0
189 silly placeDep ROOT debug@4.4.3 OK for: @babel/core@7.29.7 want: ^4.1.0
190 silly placeDep ROOT gensync@1.0.0-beta.2 OK for: @babel/core@7.29.7 want: ^1.0.0-beta.2
191 silly placeDep ROOT json5@2.2.3 OK for: @babel/core@7.29.7 want: ^2.2.3
192 silly placeDep ROOT semver@6.3.1 OK for: @babel/core@7.29.7 want: ^6.3.1
193 silly fetch manifest js-tokens@^4.0.0
194 silly packumentCache full:https://registry.npmjs.org/js-tokens cache-miss
195 silly fetch manifest picocolors@^1.1.1
196 silly packumentCache full:https://registry.npmjs.org/picocolors cache-miss
197 silly fetch manifest @babel/helper-validator-identifier@^7.29.7
198 silly packumentCache full:https://registry.npmjs.org/@babel%2fhelper-validator-identifier cache-miss
199 silly fetch manifest jsesc@^3.0.2
200 silly packumentCache full:https://registry.npmjs.org/jsesc cache-miss
201 silly fetch manifest @jridgewell/gen-mapping@^0.3.12
202 silly packumentCache full:https://registry.npmjs.org/@jridgewell%2fgen-mapping cache-miss
203 silly fetch manifest @jridgewell/trace-mapping@^0.3.28
204 silly packumentCache full:https://registry.npmjs.org/@jridgewell%2ftrace-mapping cache-miss
205 silly fetch manifest lru-cache@^5.1.1
206 silly packumentCache full:https://registry.npmjs.org/lru-cache cache-miss
207 http fetch GET 200 https://registry.npmjs.org/js-tokens 56ms (cache miss)
208 silly packumentCache full:https://registry.npmjs.org/js-tokens set size:undefined disposed:false
209 silly fetch manifest browserslist@^4.24.0
210 silly packumentCache full:https://registry.npmjs.org/browserslist cache-miss
211 http fetch GET 200 https://registry.npmjs.org/picocolors 91ms (cache miss)
212 silly packumentCache full:https://registry.npmjs.org/picocolors set size:undefined disposed:false
213 silly fetch manifest @babel/compat-data@^7.29.7
214 silly packumentCache full:https://registry.npmjs.org/@babel%2fcompat-data cache-miss
215 http fetch GET 200 https://registry.npmjs.org/jsesc 95ms (cache miss)
216 silly packumentCache full:https://registry.npmjs.org/jsesc set size:undefined disposed:false
217 silly fetch manifest @babel/helper-validator-option@^7.29.7
218 silly packumentCache full:https://registry.npmjs.org/@babel%2fhelper-validator-option cache-miss
219 http fetch GET 200 https://registry.npmjs.org/@jridgewell%2fgen-mapping 97ms (cache miss)
220 silly packumentCache full:https://registry.npmjs.org/@jridgewell%2fgen-mapping set size:undefined disposed:false
221 silly fetch manifest @babel/helper-module-imports@^7.29.7
222 silly packumentCache full:https://registry.npmjs.org/@babel%2fhelper-module-imports cache-miss
223 http fetch GET 200 https://registry.npmjs.org/@babel%2fhelper-validator-identifier 102ms (cache miss)
224 silly packumentCache full:https://registry.npmjs.org/@babel%2fhelper-validator-identifier set size:undefined disposed:false
225 silly fetch manifest debug@^4.3.1
226 silly packumentCache full:https://registry.npmjs.org/debug cache-miss
227 http fetch GET 200 https://registry.npmjs.org/@jridgewell%2ftrace-mapping 110ms (cache miss)
228 silly packumentCache full:https://registry.npmjs.org/@jridgewell%2ftrace-mapping set size:undefined disposed:false
229 silly fetch manifest @babel/helper-globals@^7.29.7
230 silly packumentCache full:https://registry.npmjs.org/@babel%2fhelper-globals cache-miss
231 http cache https://registry.npmjs.org/debug 10ms (cache hit)
232 silly packumentCache full:https://registry.npmjs.org/debug set size:195840 disposed:false
233 silly fetch manifest @babel/helper-string-parser@^7.29.7
234 silly packumentCache full:https://registry.npmjs.org/@babel%2fhelper-string-parser cache-miss
235 http fetch GET 200 https://registry.npmjs.org/lru-cache 121ms (cache miss)
236 silly packumentCache full:https://registry.npmjs.org/lru-cache set size:undefined disposed:false
237 silly fetch manifest @jridgewell/gen-mapping@^0.3.5
238 silly packumentCache full:https://registry.npmjs.org/@jridgewell%2fgen-mapping cache-miss
239 http cache https://registry.npmjs.org/@jridgewell%2fgen-mapping 11ms (cache hit)
240 silly packumentCache full:https://registry.npmjs.org/@jridgewell%2fgen-mapping set size:75941 disposed:false
241 silly fetch manifest @jridgewell/trace-mapping@^0.3.24
242 silly packumentCache full:https://registry.npmjs.org/@jridgewell%2ftrace-mapping cache-miss
243 http cache https://registry.npmjs.org/@jridgewell%2ftrace-mapping 5ms (cache hit)
244 silly packumentCache full:https://registry.npmjs.org/@jridgewell%2ftrace-mapping set size:170909 disposed:false
245 silly fetch manifest ms@^2.1.3
246 silly packumentCache full:https://registry.npmjs.org/ms cache-miss
247 http fetch GET 200 https://registry.npmjs.org/browserslist 101ms (cache miss)
248 silly packumentCache full:https://registry.npmjs.org/browserslist set size:undefined disposed:false
249 http fetch GET 200 https://registry.npmjs.org/@babel%2fhelper-validator-option 76ms (cache miss)
250 silly packumentCache full:https://registry.npmjs.org/@babel%2fhelper-validator-option set size:undefined disposed:false
251 http fetch GET 200 https://registry.npmjs.org/@babel%2fcompat-data 85ms (cache miss)
252 silly packumentCache full:https://registry.npmjs.org/@babel%2fcompat-data set size:undefined disposed:false
253 http fetch GET 200 https://registry.npmjs.org/@babel%2fhelper-module-imports 150ms (cache miss)
254 silly packumentCache full:https://registry.npmjs.org/@babel%2fhelper-module-imports set size:undefined disposed:false
255 http fetch GET 200 https://registry.npmjs.org/@babel%2fhelper-globals 229ms (cache miss)
256 silly packumentCache full:https://registry.npmjs.org/@babel%2fhelper-globals set size:undefined disposed:false
257 http fetch GET 200 https://registry.npmjs.org/@babel%2fhelper-string-parser 233ms (cache miss)
258 silly packumentCache full:https://registry.npmjs.org/@babel%2fhelper-string-parser set size:undefined disposed:false
259 http fetch GET 200 https://registry.npmjs.org/ms 288ms (cache miss)
260 silly packumentCache full:https://registry.npmjs.org/ms set size:undefined disposed:false
261 silly placeDep ROOT @babel/helper-validator-identifier@7.29.7 OK for: @babel/code-frame@7.29.7 want: ^7.29.7
262 silly placeDep ROOT js-tokens@4.0.0 OK for: @babel/code-frame@7.29.7 want: ^4.0.0
263 silly placeDep ROOT picocolors@1.1.1 OK for: @babel/code-frame@7.29.7 want: ^1.1.1
264 silly placeDep ROOT @jridgewell/gen-mapping@0.3.13 OK for: @babel/generator@7.29.7 want: ^0.3.12
265 silly placeDep ROOT @jridgewell/trace-mapping@0.3.31 OK for: @babel/generator@7.29.7 want: ^0.3.28
266 silly placeDep ROOT jsesc@3.1.0 OK for: @babel/generator@7.29.7 want: ^3.0.2
267 silly fetch manifest @jridgewell/sourcemap-codec@^1.5.0
268 silly packumentCache full:https://registry.npmjs.org/@jridgewell%2fsourcemap-codec cache-miss
269 silly fetch manifest @jridgewell/resolve-uri@^3.1.0
270 silly packumentCache full:https://registry.npmjs.org/@jridgewell%2fresolve-uri cache-miss
271 silly fetch manifest @jridgewell/sourcemap-codec@^1.4.14
272 silly packumentCache full:https://registry.npmjs.org/@jridgewell%2fsourcemap-codec cache-miss
273 http fetch GET 200 https://registry.npmjs.org/@jridgewell%2fsourcemap-codec 71ms (cache miss)
274 silly packumentCache full:https://registry.npmjs.org/@jridgewell%2fsourcemap-codec set size:undefined disposed:false
275 http fetch GET 200 https://registry.npmjs.org/@jridgewell%2fsourcemap-codec 98ms (cache miss)
276 silly packumentCache full:https://registry.npmjs.org/@jridgewell%2fsourcemap-codec set size:undefined disposed:false
277 http fetch GET 200 https://registry.npmjs.org/@jridgewell%2fresolve-uri 104ms (cache miss)
278 silly packumentCache full:https://registry.npmjs.org/@jridgewell%2fresolve-uri set size:undefined disposed:false
279 silly placeDep ROOT @babel/compat-data@7.29.7 OK for: @babel/helper-compilation-targets@7.29.7 want: ^7.29.7
280 silly placeDep ROOT @babel/helper-validator-option@7.29.7 OK for: @babel/helper-compilation-targets@7.29.7 want: ^7.29.7
281 silly placeDep ROOT browserslist@4.28.4 OK for: @babel/helper-compilation-targets@7.29.7 want: ^4.24.0
282 silly placeDep ROOT lru-cache@5.1.1 OK for: @babel/helper-compilation-targets@7.29.7 want: ^5.1.1
283 silly fetch manifest caniuse-lite@^1.0.30001799
284 silly packumentCache full:https://registry.npmjs.org/caniuse-lite cache-miss
285 silly fetch manifest node-releases@^2.0.48
286 silly packumentCache full:https://registry.npmjs.org/node-releases cache-miss
287 silly fetch manifest electron-to-chromium@^1.5.376
288 silly packumentCache full:https://registry.npmjs.org/electron-to-chromium cache-miss
289 silly fetch manifest update-browserslist-db@^1.2.3
290 silly packumentCache full:https://registry.npmjs.org/update-browserslist-db cache-miss
291 silly fetch manifest baseline-browser-mapping@^2.10.38
292 silly packumentCache full:https://registry.npmjs.org/baseline-browser-mapping cache-miss
293 silly fetch manifest yallist@^3.0.2
294 silly packumentCache full:https://registry.npmjs.org/yallist cache-miss
295 http fetch GET 200 https://registry.npmjs.org/yallist 80ms (cache miss)
296 silly packumentCache full:https://registry.npmjs.org/yallist set size:undefined disposed:false
297 http fetch GET 200 https://registry.npmjs.org/update-browserslist-db 101ms (cache miss)
298 silly packumentCache full:https://registry.npmjs.org/update-browserslist-db set size:undefined disposed:false
299 http fetch GET 200 https://registry.npmjs.org/node-releases 114ms (cache miss)
300 silly packumentCache full:https://registry.npmjs.org/node-releases set size:undefined disposed:false
301 http fetch GET 200 https://registry.npmjs.org/baseline-browser-mapping 123ms (cache miss)
302 silly packumentCache full:https://registry.npmjs.org/baseline-browser-mapping set size:undefined disposed:false
303 http fetch GET 200 https://registry.npmjs.org/caniuse-lite 172ms (cache miss)
304 silly packumentCache full:https://registry.npmjs.org/caniuse-lite set size:undefined disposed:false
305 http fetch GET 200 https://registry.npmjs.org/electron-to-chromium 211ms (cache miss)
306 silly packumentCache full:https://registry.npmjs.org/electron-to-chromium set size:undefined disposed:false
307 silly placeDep ROOT @babel/helper-module-imports@7.29.7 OK for: @babel/helper-module-transforms@7.29.7 want: ^7.29.7
308 silly placeDep ROOT @babel/helper-plugin-utils@7.29.7 OK for: @babel/plugin-transform-react-jsx-self@7.29.7 want: ^7.29.7
309 silly placeDep ROOT @babel/helper-globals@7.29.7 OK for: @babel/traverse@7.29.7 want: ^7.29.7
310 silly placeDep ROOT @babel/helper-string-parser@7.29.7 OK for: @babel/types@7.29.7 want: ^7.29.7
311 silly placeDep ROOT @jridgewell/sourcemap-codec@1.5.5 OK for: @jridgewell/gen-mapping@0.3.13 want: ^1.5.0
312 silly placeDep ROOT @jridgewell/resolve-uri@3.1.2 OK for: @jridgewell/trace-mapping@0.3.31 want: ^3.1.0
313 silly placeDep ROOT @types/babel__generator@7.27.0 OK for: @types/babel__core@7.20.5 want: *
314 silly placeDep ROOT @types/babel__template@7.4.4 OK for: @types/babel__core@7.20.5 want: *
315 silly placeDep ROOT @types/babel__traverse@7.28.0 OK for: @types/babel__core@7.20.5 want: *
316 silly placeDep ROOT baseline-browser-mapping@2.10.40 OK for: browserslist@4.28.4 want: ^2.10.38
317 silly placeDep ROOT caniuse-lite@1.0.30001799 OK for: browserslist@4.28.4 want: ^1.0.30001799
318 silly placeDep ROOT electron-to-chromium@1.5.380 OK for: browserslist@4.28.4 want: ^1.5.376
319 silly placeDep ROOT node-releases@2.0.50 OK for: browserslist@4.28.4 want: ^2.0.48
320 silly placeDep ROOT update-browserslist-db@1.2.3 OK for: browserslist@4.28.4 want: ^1.2.3
321 silly fetch manifest escalade@^3.2.0
322 silly packumentCache full:https://registry.npmjs.org/escalade cache-miss
323 http fetch GET 200 https://registry.npmjs.org/escalade 49ms (cache miss)
324 silly packumentCache full:https://registry.npmjs.org/escalade set size:undefined disposed:false
325 silly placeDep ROOT ms@2.1.3 OK for: debug@4.4.3 want: ^2.1.3
326 silly placeDep ROOT yallist@3.1.1 OK for: lru-cache@5.1.1 want: ^3.0.2
327 silly placeDep ROOT scheduler@0.26.0 OK for: react-dom@19.1.0 want: ^0.26.0
328 silly placeDep ROOT escalade@3.2.0 OK for: update-browserslist-db@1.2.3 want: ^3.2.0
329 silly placeDep ROOT esbuild@0.21.5 OK for: vite@5.4.2 want: ^0.21.3
330 silly placeDep ROOT fsevents@2.3.3 OK for: vite@5.4.2 want: ~2.3.3
331 silly placeDep ROOT postcss@8.5.16 OK for: vite@5.4.2 want: ^8.4.41
332 silly placeDep ROOT rollup@4.62.2 OK for: vite@5.4.2 want: ^4.20.0
333 silly fetch manifest @esbuild/aix-ppc64@0.21.5
334 silly packumentCache full:https://registry.npmjs.org/@esbuild%2faix-ppc64 cache-miss
335 silly fetch manifest @esbuild/linux-arm@0.21.5
336 silly packumentCache full:https://registry.npmjs.org/@esbuild%2flinux-arm cache-miss
337 silly fetch manifest @esbuild/linux-x64@0.21.5
338 silly packumentCache full:https://registry.npmjs.org/@esbuild%2flinux-x64 cache-miss
339 silly fetch manifest @esbuild/sunos-x64@0.21.5
340 silly packumentCache full:https://registry.npmjs.org/@esbuild%2fsunos-x64 cache-miss
341 silly fetch manifest @esbuild/win32-x64@0.21.5
342 silly packumentCache full:https://registry.npmjs.org/@esbuild%2fwin32-x64 cache-miss
343 silly fetch manifest @esbuild/darwin-x64@0.21.5
344 silly packumentCache full:https://registry.npmjs.org/@esbuild%2fdarwin-x64 cache-miss
345 silly fetch manifest @esbuild/linux-ia32@0.21.5
346 silly packumentCache full:https://registry.npmjs.org/@esbuild%2flinux-ia32 cache-miss
347 http fetch GET 200 https://registry.npmjs.org/@esbuild%2faix-ppc64 72ms (cache miss)
348 silly packumentCache full:https://registry.npmjs.org/@esbuild%2faix-ppc64 set size:undefined disposed:false
349 silly fetch manifest @esbuild/netbsd-x64@0.21.5
350 silly packumentCache full:https://registry.npmjs.org/@esbuild%2fnetbsd-x64 cache-miss
351 http fetch GET 200 https://registry.npmjs.org/@esbuild%2fdarwin-x64 84ms (cache miss)
352 silly packumentCache full:https://registry.npmjs.org/@esbuild%2fdarwin-x64 set size:undefined disposed:false
353 silly fetch manifest @esbuild/win32-ia32@0.21.5
354 silly packumentCache full:https://registry.npmjs.org/@esbuild%2fwin32-ia32 cache-miss
355 http fetch GET 200 https://registry.npmjs.org/@esbuild%2flinux-arm 90ms (cache miss)
356 silly packumentCache full:https://registry.npmjs.org/@esbuild%2flinux-arm set size:undefined disposed:false
357 silly fetch manifest @esbuild/android-arm@0.21.5
358 silly packumentCache full:https://registry.npmjs.org/@esbuild%2fandroid-arm cache-miss
359 http fetch GET 200 https://registry.npmjs.org/@esbuild%2flinux-ia32 92ms (cache miss)
360 silly packumentCache full:https://registry.npmjs.org/@esbuild%2flinux-ia32 set size:undefined disposed:false
361 silly fetch manifest @esbuild/android-x64@0.21.5
362 silly packumentCache full:https://registry.npmjs.org/@esbuild%2fandroid-x64 cache-miss
363 http fetch GET 200 https://registry.npmjs.org/@esbuild%2fwin32-x64 96ms (cache miss)
364 silly packumentCache full:https://registry.npmjs.org/@esbuild%2fwin32-x64 set size:undefined disposed:false
365 silly fetch manifest @esbuild/freebsd-x64@0.21.5
366 silly packumentCache full:https://registry.npmjs.org/@esbuild%2ffreebsd-x64 cache-miss
367 http fetch GET 200 https://registry.npmjs.org/@esbuild%2flinux-x64 102ms (cache miss)
368 silly packumentCache full:https://registry.npmjs.org/@esbuild%2flinux-x64 set size:undefined disposed:false
369 silly fetch manifest @esbuild/linux-arm64@0.21.5
370 silly packumentCache full:https://registry.npmjs.org/@esbuild%2flinux-arm64 cache-miss
371 http fetch GET 200 https://registry.npmjs.org/@esbuild%2fsunos-x64 109ms (cache miss)
372 silly packumentCache full:https://registry.npmjs.org/@esbuild%2fsunos-x64 set size:undefined disposed:false
373 silly fetch manifest @esbuild/linux-ppc64@0.21.5
374 silly packumentCache full:https://registry.npmjs.org/@esbuild%2flinux-ppc64 cache-miss
375 http fetch GET 200 https://registry.npmjs.org/@esbuild%2fnetbsd-x64 85ms (cache miss)
376 silly packumentCache full:https://registry.npmjs.org/@esbuild%2fnetbsd-x64 set size:undefined disposed:false
377 silly fetch manifest @esbuild/linux-s390x@0.21.5
378 silly packumentCache full:https://registry.npmjs.org/@esbuild%2flinux-s390x cache-miss
379 http fetch GET 200 https://registry.npmjs.org/@esbuild%2fwin32-ia32 77ms (cache miss)
380 silly packumentCache full:https://registry.npmjs.org/@esbuild%2fwin32-ia32 set size:undefined disposed:false
381 silly fetch manifest @esbuild/openbsd-x64@0.21.5
382 silly packumentCache full:https://registry.npmjs.org/@esbuild%2fopenbsd-x64 cache-miss
383 http fetch GET 200 https://registry.npmjs.org/@esbuild%2fandroid-arm 85ms (cache miss)
384 silly packumentCache full:https://registry.npmjs.org/@esbuild%2fandroid-arm set size:undefined disposed:false
385 silly fetch manifest @esbuild/win32-arm64@0.21.5
386 silly packumentCache full:https://registry.npmjs.org/@esbuild%2fwin32-arm64 cache-miss
387 http fetch GET 200 https://registry.npmjs.org/@esbuild%2ffreebsd-x64 81ms (cache miss)
388 silly packumentCache full:https://registry.npmjs.org/@esbuild%2ffreebsd-x64 set size:undefined disposed:false
389 silly fetch manifest @esbuild/darwin-arm64@0.21.5
390 silly packumentCache full:https://registry.npmjs.org/@esbuild%2fdarwin-arm64 cache-miss
391 http fetch GET 200 https://registry.npmjs.org/@esbuild%2fandroid-x64 89ms (cache miss)
392 silly packumentCache full:https://registry.npmjs.org/@esbuild%2fandroid-x64 set size:undefined disposed:false
393 silly fetch manifest @esbuild/android-arm64@0.21.5
394 silly packumentCache full:https://registry.npmjs.org/@esbuild%2fandroid-arm64 cache-miss
395 http fetch GET 200 https://registry.npmjs.org/@esbuild%2flinux-ppc64 92ms (cache miss)
396 silly packumentCache full:https://registry.npmjs.org/@esbuild%2flinux-ppc64 set size:undefined disposed:false
397 silly fetch manifest @esbuild/freebsd-arm64@0.21.5
398 silly packumentCache full:https://registry.npmjs.org/@esbuild%2ffreebsd-arm64 cache-miss
399 http fetch GET 200 https://registry.npmjs.org/@esbuild%2flinux-arm64 105ms (cache miss)
400 silly packumentCache full:https://registry.npmjs.org/@esbuild%2flinux-arm64 set size:undefined disposed:false
401 silly fetch manifest @esbuild/linux-loong64@0.21.5
402 silly packumentCache full:https://registry.npmjs.org/@esbuild%2flinux-loong64 cache-miss
403 http fetch GET 200 https://registry.npmjs.org/@esbuild%2fopenbsd-x64 82ms (cache miss)
404 silly packumentCache full:https://registry.npmjs.org/@esbuild%2fopenbsd-x64 set size:undefined disposed:false
405 silly fetch manifest @esbuild/linux-riscv64@0.21.5
406 silly packumentCache full:https://registry.npmjs.org/@esbuild%2flinux-riscv64 cache-miss
407 http fetch GET 200 https://registry.npmjs.org/@esbuild%2flinux-s390x 92ms (cache miss)
408 silly packumentCache full:https://registry.npmjs.org/@esbuild%2flinux-s390x set size:undefined disposed:false
409 silly fetch manifest @esbuild/linux-mips64el@0.21.5
410 silly packumentCache full:https://registry.npmjs.org/@esbuild%2flinux-mips64el cache-miss
411 http fetch GET 200 https://registry.npmjs.org/@esbuild%2fwin32-arm64 83ms (cache miss)
412 silly packumentCache full:https://registry.npmjs.org/@esbuild%2fwin32-arm64 set size:undefined disposed:false
413 silly fetch manifest nanoid@^3.3.12
414 silly packumentCache full:https://registry.npmjs.org/nanoid cache-miss
415 http fetch GET 200 https://registry.npmjs.org/@esbuild%2fandroid-arm64 81ms (cache miss)
416 silly packumentCache full:https://registry.npmjs.org/@esbuild%2fandroid-arm64 set size:undefined disposed:false
417 silly fetch manifest source-map-js@^1.2.1
418 silly packumentCache full:https://registry.npmjs.org/source-map-js cache-miss
419 http fetch GET 200 https://registry.npmjs.org/@esbuild%2ffreebsd-arm64 88ms (cache miss)
420 silly packumentCache full:https://registry.npmjs.org/@esbuild%2ffreebsd-arm64 set size:undefined disposed:false
421 silly fetch manifest @types/estree@1.0.9
422 silly packumentCache full:https://registry.npmjs.org/@types%2festree cache-miss
423 http fetch GET 200 https://registry.npmjs.org/@esbuild%2flinux-loong64 100ms (cache miss)
424 silly packumentCache full:https://registry.npmjs.org/@esbuild%2flinux-loong64 set size:undefined disposed:false
425 silly fetch manifest @rollup/rollup-darwin-arm64@4.62.2
426 silly packumentCache full:https://registry.npmjs.org/@rollup%2frollup-darwin-arm64 cache-miss
427 http fetch GET 200 https://registry.npmjs.org/nanoid 68ms (cache miss)
428 silly packumentCache full:https://registry.npmjs.org/nanoid set size:undefined disposed:false
429 silly fetch manifest @rollup/rollup-android-arm64@4.62.2
430 silly packumentCache full:https://registry.npmjs.org/@rollup%2frollup-android-arm64 cache-miss
431 http fetch GET 200 https://registry.npmjs.org/source-map-js 73ms (cache miss)
432 silly packumentCache full:https://registry.npmjs.org/source-map-js set size:undefined disposed:false
433 silly fetch manifest @rollup/rollup-win32-arm64-msvc@4.62.2
434 silly packumentCache full:https://registry.npmjs.org/@rollup%2frollup-win32-arm64-msvc cache-miss
435 http fetch GET 200 https://registry.npmjs.org/@esbuild%2fdarwin-arm64 164ms (cache miss)
436 silly packumentCache full:https://registry.npmjs.org/@esbuild%2fdarwin-arm64 set size:undefined disposed:false
437 silly fetch manifest @rollup/rollup-freebsd-arm64@4.62.2
438 silly packumentCache full:https://registry.npmjs.org/@rollup%2frollup-freebsd-arm64 cache-miss
439 http fetch GET 200 https://registry.npmjs.org/@esbuild%2flinux-riscv64 98ms (cache miss)
440 silly packumentCache full:https://registry.npmjs.org/@esbuild%2flinux-riscv64 set size:undefined disposed:false
441 silly fetch manifest @rollup/rollup-linux-arm64-gnu@4.62.2
442 silly packumentCache full:https://registry.npmjs.org/@rollup%2frollup-linux-arm64-gnu cache-miss
443 http fetch GET 200 https://registry.npmjs.org/@esbuild%2flinux-mips64el 99ms (cache miss)
444 silly packumentCache full:https://registry.npmjs.org/@esbuild%2flinux-mips64el set size:undefined disposed:false
445 silly fetch manifest @rollup/rollup-linux-arm64-musl@4.62.2
446 silly packumentCache full:https://registry.npmjs.org/@rollup%2frollup-linux-arm64-musl cache-miss
447 http fetch GET 200 https://registry.npmjs.org/@types%2festree 86ms (cache miss)
448 silly packumentCache full:https://registry.npmjs.org/@types%2festree set size:undefined disposed:false
449 silly fetch manifest @rollup/rollup-android-arm-eabi@4.62.2
450 silly packumentCache full:https://registry.npmjs.org/@rollup%2frollup-android-arm-eabi cache-miss
451 http fetch GET 200 https://registry.npmjs.org/@rollup%2frollup-darwin-arm64 96ms (cache miss)
452 silly packumentCache full:https://registry.npmjs.org/@rollup%2frollup-darwin-arm64 set size:undefined disposed:false
453 silly fetch manifest @rollup/rollup-linux-arm-gnueabihf@4.62.2
454 silly packumentCache full:https://registry.npmjs.org/@rollup%2frollup-linux-arm-gnueabihf cache-miss
455 http fetch GET 200 https://registry.npmjs.org/@rollup%2frollup-android-arm64 79ms (cache miss)
456 silly packumentCache full:https://registry.npmjs.org/@rollup%2frollup-android-arm64 set size:undefined disposed:false
457 silly fetch manifest @rollup/rollup-linux-arm-musleabihf@4.62.2
458 silly packumentCache full:https://registry.npmjs.org/@rollup%2frollup-linux-arm-musleabihf cache-miss
459 http fetch GET 200 https://registry.npmjs.org/@rollup%2frollup-freebsd-arm64 111ms (cache miss)
460 silly packumentCache full:https://registry.npmjs.org/@rollup%2frollup-freebsd-arm64 set size:undefined disposed:false
461 silly fetch manifest @rollup/rollup-win32-ia32-msvc@4.62.2
462 silly packumentCache full:https://registry.npmjs.org/@rollup%2frollup-win32-ia32-msvc cache-miss
463 http fetch GET 200 https://registry.npmjs.org/@rollup%2frollup-win32-arm64-msvc 120ms (cache miss)
464 silly packumentCache full:https://registry.npmjs.org/@rollup%2frollup-win32-arm64-msvc set size:undefined disposed:false
465 silly fetch manifest @rollup/rollup-linux-loong64-gnu@4.62.2
466 silly packumentCache full:https://registry.npmjs.org/@rollup%2frollup-linux-loong64-gnu cache-miss
467 http fetch GET 200 https://registry.npmjs.org/@rollup%2frollup-linux-arm64-gnu 120ms (cache miss)
468 silly packumentCache full:https://registry.npmjs.org/@rollup%2frollup-linux-arm64-gnu set size:undefined disposed:false
469 silly fetch manifest @rollup/rollup-linux-loong64-musl@4.62.2
470 silly packumentCache full:https://registry.npmjs.org/@rollup%2frollup-linux-loong64-musl cache-miss
471 http fetch GET 200 https://registry.npmjs.org/@rollup%2frollup-linux-arm64-musl 126ms (cache miss)
472 silly packumentCache full:https://registry.npmjs.org/@rollup%2frollup-linux-arm64-musl set size:undefined disposed:false
473 silly fetch manifest @rollup/rollup-linux-riscv64-gnu@4.62.2
474 silly packumentCache full:https://registry.npmjs.org/@rollup%2frollup-linux-riscv64-gnu cache-miss
475 http fetch GET 200 https://registry.npmjs.org/@rollup%2frollup-android-arm-eabi 103ms (cache miss)
476 silly packumentCache full:https://registry.npmjs.org/@rollup%2frollup-android-arm-eabi set size:undefined disposed:false
477 silly fetch manifest @rollup/rollup-linux-riscv64-musl@4.62.2
478 silly packumentCache full:https://registry.npmjs.org/@rollup%2frollup-linux-riscv64-musl cache-miss
479 http fetch GET 200 https://registry.npmjs.org/@rollup%2frollup-linux-arm-musleabihf 73ms (cache miss)
480 silly packumentCache full:https://registry.npmjs.org/@rollup%2frollup-linux-arm-musleabihf set size:undefined disposed:false
481 silly fetch manifest @rollup/rollup-linux-ppc64-gnu@4.62.2
482 silly packumentCache full:https://registry.npmjs.org/@rollup%2frollup-linux-ppc64-gnu cache-miss
483 http fetch GET 200 https://registry.npmjs.org/@rollup%2frollup-linux-arm-gnueabihf 113ms (cache miss)
484 silly packumentCache full:https://registry.npmjs.org/@rollup%2frollup-linux-arm-gnueabihf set size:undefined disposed:false
485 silly fetch manifest @rollup/rollup-linux-ppc64-musl@4.62.2
486 silly packumentCache full:https://registry.npmjs.org/@rollup%2frollup-linux-ppc64-musl cache-miss
487 http fetch GET 200 https://registry.npmjs.org/@rollup%2frollup-linux-loong64-gnu 71ms (cache miss)
488 silly packumentCache full:https://registry.npmjs.org/@rollup%2frollup-linux-loong64-gnu set size:undefined disposed:false
489 silly fetch manifest @rollup/rollup-linux-s390x-gnu@4.62.2
490 silly packumentCache full:https://registry.npmjs.org/@rollup%2frollup-linux-s390x-gnu cache-miss
491 http fetch GET 200 https://registry.npmjs.org/@rollup%2frollup-win32-ia32-msvc 86ms (cache miss)
492 silly packumentCache full:https://registry.npmjs.org/@rollup%2frollup-win32-ia32-msvc set size:undefined disposed:false
493 silly fetch manifest @rollup/rollup-darwin-x64@4.62.2
494 silly packumentCache full:https://registry.npmjs.org/@rollup%2frollup-darwin-x64 cache-miss
495 http fetch GET 200 https://registry.npmjs.org/@rollup%2frollup-linux-loong64-musl 80ms (cache miss)
496 silly packumentCache full:https://registry.npmjs.org/@rollup%2frollup-linux-loong64-musl set size:undefined disposed:false
497 silly fetch manifest @rollup/rollup-win32-x64-gnu@4.62.2
498 silly packumentCache full:https://registry.npmjs.org/@rollup%2frollup-win32-x64-gnu cache-miss
499 http fetch GET 200 https://registry.npmjs.org/@rollup%2frollup-linux-ppc64-gnu 65ms (cache miss)
500 silly packumentCache full:https://registry.npmjs.org/@rollup%2frollup-linux-ppc64-gnu set size:undefined disposed:false
501 silly fetch manifest @rollup/rollup-win32-x64-msvc@4.62.2
502 silly packumentCache full:https://registry.npmjs.org/@rollup%2frollup-win32-x64-msvc cache-miss
503 http fetch GET 200 https://registry.npmjs.org/@rollup%2frollup-linux-riscv64-gnu 82ms (cache miss)
504 silly packumentCache full:https://registry.npmjs.org/@rollup%2frollup-linux-riscv64-gnu set size:undefined disposed:false
505 silly fetch manifest @rollup/rollup-freebsd-x64@4.62.2
506 silly packumentCache full:https://registry.npmjs.org/@rollup%2frollup-freebsd-x64 cache-miss
507 http fetch GET 200 https://registry.npmjs.org/@rollup%2frollup-linux-riscv64-musl 88ms (cache miss)
508 silly packumentCache full:https://registry.npmjs.org/@rollup%2frollup-linux-riscv64-musl set size:undefined disposed:false
509 silly fetch manifest @rollup/rollup-linux-x64-gnu@4.62.2
510 silly packumentCache full:https://registry.npmjs.org/@rollup%2frollup-linux-x64-gnu cache-miss
511 http fetch GET 200 https://registry.npmjs.org/@rollup%2frollup-linux-ppc64-musl 87ms (cache miss)
512 silly packumentCache full:https://registry.npmjs.org/@rollup%2frollup-linux-ppc64-musl set size:undefined disposed:false
513 silly fetch manifest @rollup/rollup-linux-x64-musl@4.62.2
514 silly packumentCache full:https://registry.npmjs.org/@rollup%2frollup-linux-x64-musl cache-miss
515 http fetch GET 200 https://registry.npmjs.org/@rollup%2frollup-linux-s390x-gnu 79ms (cache miss)
516 silly packumentCache full:https://registry.npmjs.org/@rollup%2frollup-linux-s390x-gnu set size:undefined disposed:false
517 silly fetch manifest @rollup/rollup-openbsd-x64@4.62.2
518 silly packumentCache full:https://registry.npmjs.org/@rollup%2frollup-openbsd-x64 cache-miss
519 http fetch GET 200 https://registry.npmjs.org/@rollup%2frollup-win32-x64-gnu 74ms (cache miss)
520 silly packumentCache full:https://registry.npmjs.org/@rollup%2frollup-win32-x64-gnu set size:undefined disposed:false
521 silly fetch manifest @rollup/rollup-openharmony-arm64@4.62.2
522 silly packumentCache full:https://registry.npmjs.org/@rollup%2frollup-openharmony-arm64 cache-miss
523 http fetch GET 200 https://registry.npmjs.org/@rollup%2frollup-darwin-x64 96ms (cache miss)
524 silly packumentCache full:https://registry.npmjs.org/@rollup%2frollup-darwin-x64 set size:undefined disposed:false
525 http fetch GET 200 https://registry.npmjs.org/@rollup%2frollup-win32-x64-msvc 88ms (cache miss)
526 silly packumentCache full:https://registry.npmjs.org/@rollup%2frollup-win32-x64-msvc set size:undefined disposed:false
527 http fetch GET 200 https://registry.npmjs.org/@rollup%2frollup-freebsd-x64 89ms (cache miss)
528 silly packumentCache full:https://registry.npmjs.org/@rollup%2frollup-freebsd-x64 set size:undefined disposed:false
529 http fetch GET 200 https://registry.npmjs.org/@rollup%2frollup-linux-x64-musl 84ms (cache miss)
530 silly packumentCache full:https://registry.npmjs.org/@rollup%2frollup-linux-x64-musl set size:undefined disposed:false
531 http fetch GET 200 https://registry.npmjs.org/@rollup%2frollup-openharmony-arm64 75ms (cache miss)
532 silly packumentCache full:https://registry.npmjs.org/@rollup%2frollup-openharmony-arm64 set size:undefined disposed:false
533 http fetch GET 200 https://registry.npmjs.org/@rollup%2frollup-openbsd-x64 93ms (cache miss)
534 silly packumentCache full:https://registry.npmjs.org/@rollup%2frollup-openbsd-x64 set size:undefined disposed:false
535 http fetch GET 200 https://registry.npmjs.org/@rollup%2frollup-linux-x64-gnu 146ms (cache miss)
536 silly packumentCache full:https://registry.npmjs.org/@rollup%2frollup-linux-x64-gnu set size:undefined disposed:false
537 silly placeDep ROOT @esbuild/aix-ppc64@0.21.5 OK for: esbuild@0.21.5 want: 0.21.5
538 silly placeDep ROOT @esbuild/android-arm@0.21.5 OK for: esbuild@0.21.5 want: 0.21.5
539 silly placeDep ROOT @esbuild/android-arm64@0.21.5 OK for: esbuild@0.21.5 want: 0.21.5
540 silly placeDep ROOT @esbuild/android-x64@0.21.5 OK for: esbuild@0.21.5 want: 0.21.5
541 silly placeDep ROOT @esbuild/darwin-arm64@0.21.5 OK for: esbuild@0.21.5 want: 0.21.5
542 silly placeDep ROOT @esbuild/darwin-x64@0.21.5 OK for: esbuild@0.21.5 want: 0.21.5
543 silly placeDep ROOT @esbuild/freebsd-arm64@0.21.5 OK for: esbuild@0.21.5 want: 0.21.5
544 silly placeDep ROOT @esbuild/freebsd-x64@0.21.5 OK for: esbuild@0.21.5 want: 0.21.5
545 silly placeDep ROOT @esbuild/linux-arm@0.21.5 OK for: esbuild@0.21.5 want: 0.21.5
546 silly placeDep ROOT @esbuild/linux-arm64@0.21.5 OK for: esbuild@0.21.5 want: 0.21.5
547 silly placeDep ROOT @esbuild/linux-ia32@0.21.5 OK for: esbuild@0.21.5 want: 0.21.5
548 silly placeDep ROOT @esbuild/linux-loong64@0.21.5 OK for: esbuild@0.21.5 want: 0.21.5
549 silly placeDep ROOT @esbuild/linux-mips64el@0.21.5 OK for: esbuild@0.21.5 want: 0.21.5
550 silly placeDep ROOT @esbuild/linux-ppc64@0.21.5 OK for: esbuild@0.21.5 want: 0.21.5
551 silly placeDep ROOT @esbuild/linux-riscv64@0.21.5 OK for: esbuild@0.21.5 want: 0.21.5
552 silly placeDep ROOT @esbuild/linux-s390x@0.21.5 OK for: esbuild@0.21.5 want: 0.21.5
553 silly placeDep ROOT @esbuild/linux-x64@0.21.5 OK for: esbuild@0.21.5 want: 0.21.5
554 silly placeDep ROOT @esbuild/netbsd-x64@0.21.5 OK for: esbuild@0.21.5 want: 0.21.5
555 silly placeDep ROOT @esbuild/openbsd-x64@0.21.5 OK for: esbuild@0.21.5 want: 0.21.5
556 silly placeDep ROOT @esbuild/sunos-x64@0.21.5 OK for: esbuild@0.21.5 want: 0.21.5
557 silly placeDep ROOT @esbuild/win32-arm64@0.21.5 OK for: esbuild@0.21.5 want: 0.21.5
558 silly placeDep ROOT @esbuild/win32-ia32@0.21.5 OK for: esbuild@0.21.5 want: 0.21.5
559 silly placeDep ROOT @esbuild/win32-x64@0.21.5 OK for: esbuild@0.21.5 want: 0.21.5
560 silly placeDep ROOT nanoid@3.3.15 OK for: postcss@8.5.16 want: ^3.3.12
561 silly placeDep ROOT source-map-js@1.2.1 OK for: postcss@8.5.16 want: ^1.2.1
562 silly placeDep ROOT @rollup/rollup-android-arm-eabi@4.62.2 OK for: rollup@4.62.2 want: 4.62.2
563 silly placeDep ROOT @rollup/rollup-android-arm64@4.62.2 OK for: rollup@4.62.2 want: 4.62.2
564 silly placeDep ROOT @rollup/rollup-darwin-arm64@4.62.2 OK for: rollup@4.62.2 want: 4.62.2
565 silly placeDep ROOT @rollup/rollup-darwin-x64@4.62.2 OK for: rollup@4.62.2 want: 4.62.2
566 silly placeDep ROOT @rollup/rollup-freebsd-arm64@4.62.2 OK for: rollup@4.62.2 want: 4.62.2
567 silly placeDep ROOT @rollup/rollup-freebsd-x64@4.62.2 OK for: rollup@4.62.2 want: 4.62.2
568 silly placeDep ROOT @rollup/rollup-linux-arm-gnueabihf@4.62.2 OK for: rollup@4.62.2 want: 4.62.2
569 silly placeDep ROOT @rollup/rollup-linux-arm-musleabihf@4.62.2 OK for: rollup@4.62.2 want: 4.62.2
570 silly placeDep ROOT @rollup/rollup-linux-arm64-gnu@4.62.2 OK for: rollup@4.62.2 want: 4.62.2
571 silly placeDep ROOT @rollup/rollup-linux-arm64-musl@4.62.2 OK for: rollup@4.62.2 want: 4.62.2
572 silly placeDep ROOT @rollup/rollup-linux-loong64-gnu@4.62.2 OK for: rollup@4.62.2 want: 4.62.2
573 silly placeDep ROOT @rollup/rollup-linux-loong64-musl@4.62.2 OK for: rollup@4.62.2 want: 4.62.2
574 silly placeDep ROOT @rollup/rollup-linux-ppc64-gnu@4.62.2 OK for: rollup@4.62.2 want: 4.62.2
575 silly placeDep ROOT @rollup/rollup-linux-ppc64-musl@4.62.2 OK for: rollup@4.62.2 want: 4.62.2
576 silly placeDep ROOT @rollup/rollup-linux-riscv64-gnu@4.62.2 OK for: rollup@4.62.2 want: 4.62.2
577 silly placeDep ROOT @rollup/rollup-linux-riscv64-musl@4.62.2 OK for: rollup@4.62.2 want: 4.62.2
578 silly placeDep ROOT @rollup/rollup-linux-s390x-gnu@4.62.2 OK for: rollup@4.62.2 want: 4.62.2
579 silly placeDep ROOT @rollup/rollup-linux-x64-gnu@4.62.2 OK for: rollup@4.62.2 want: 4.62.2
580 silly placeDep ROOT @rollup/rollup-linux-x64-musl@4.62.2 OK for: rollup@4.62.2 want: 4.62.2
581 silly placeDep ROOT @rollup/rollup-openbsd-x64@4.62.2 OK for: rollup@4.62.2 want: 4.62.2
582 silly placeDep ROOT @rollup/rollup-openharmony-arm64@4.62.2 OK for: rollup@4.62.2 want: 4.62.2
583 silly placeDep ROOT @rollup/rollup-win32-arm64-msvc@4.62.2 OK for: rollup@4.62.2 want: 4.62.2
584 silly placeDep ROOT @rollup/rollup-win32-ia32-msvc@4.62.2 OK for: rollup@4.62.2 want: 4.62.2
585 silly placeDep ROOT @rollup/rollup-win32-x64-gnu@4.62.2 OK for: rollup@4.62.2 want: 4.62.2
586 silly placeDep ROOT @rollup/rollup-win32-x64-msvc@4.62.2 OK for: rollup@4.62.2 want: 4.62.2
587 silly placeDep ROOT @types/estree@1.0.9 OK for: rollup@4.62.2 want: 1.0.9
588 silly reify moves {}
589 silly audit bulk request {
589 silly audit   '@fontsource-variable/ibm-plex-sans': [ '5.2.6' ],
589 silly audit   '@phosphor-icons/react': [ '2.1.10' ],
589 silly audit   '@vitejs/plugin-react': [ '4.3.1' ],
589 silly audit   react: [ '19.1.0' ],
589 silly audit   'react-dom': [ '19.1.0' ],
589 silly audit   vite: [ '5.4.2' ],
589 silly audit   '@babel/core': [ '7.29.7' ],
589 silly audit   '@babel/plugin-transform-react-jsx-self': [ '7.29.7' ],
589 silly audit   '@babel/plugin-transform-react-jsx-source': [ '7.29.7' ],
589 silly audit   '@types/babel__core': [ '7.20.5' ],
589 silly audit   'react-refresh': [ '0.14.2' ],
589 silly audit   '@babel/code-frame': [ '7.29.7' ],
589 silly audit   '@babel/generator': [ '7.29.7' ],
589 silly audit   '@babel/helper-compilation-targets': [ '7.29.7' ],
589 silly audit   '@babel/helper-module-transforms': [ '7.29.7' ],
589 silly audit   '@babel/helpers': [ '7.29.7' ],
589 silly audit   '@babel/parser': [ '7.29.7' ],
589 silly audit   '@babel/template': [ '7.29.7' ],
589 silly audit   '@babel/traverse': [ '7.29.7' ],
589 silly audit   '@babel/types': [ '7.29.7' ],
589 silly audit   '@jridgewell/remapping': [ '2.3.5' ],
589 silly audit   'convert-source-map': [ '2.0.0' ],
589 silly audit   debug: [ '4.4.3' ],
589 silly audit   gensync: [ '1.0.0-beta.2' ],
589 silly audit   json5: [ '2.2.3' ],
589 silly audit   semver: [ '6.3.1' ],
589 silly audit   '@babel/helper-validator-identifier': [ '7.29.7' ],
589 silly audit   'js-tokens': [ '4.0.0' ],
589 silly audit   picocolors: [ '1.1.1' ],
589 silly audit   '@jridgewell/gen-mapping': [ '0.3.13' ],
589 silly audit   '@jridgewell/trace-mapping': [ '0.3.31' ],
589 silly audit   jsesc: [ '3.1.0' ],
589 silly audit   '@babel/compat-data': [ '7.29.7' ],
589 silly audit   '@babel/helper-validator-option': [ '7.29.7' ],
589 silly audit   browserslist: [ '4.28.4' ],
589 silly audit   'lru-cache': [ '5.1.1' ],
589 silly audit   '@babel/helper-module-imports': [ '7.29.7' ],
589 silly audit   '@babel/helper-plugin-utils': [ '7.29.7' ],
589 silly audit   '@babel/helper-globals': [ '7.29.7' ],
589 silly audit   '@babel/helper-string-parser': [ '7.29.7' ],
589 silly audit   '@jridgewell/sourcemap-codec': [ '1.5.5' ],
589 silly audit   '@jridgewell/resolve-uri': [ '3.1.2' ],
589 silly audit   '@types/babel__generator': [ '7.27.0' ],
589 silly audit   '@types/babel__template': [ '7.4.4' ],
589 silly audit   '@types/babel__traverse': [ '7.28.0' ],
589 silly audit   'baseline-browser-mapping': [ '2.10.40' ],
589 silly audit   'caniuse-lite': [ '1.0.30001799' ],
589 silly audit   'electron-to-chromium': [ '1.5.380' ],
589 silly audit   'node-releases': [ '2.0.50' ],
589 silly audit   'update-browserslist-db': [ '1.2.3' ],
589 silly audit   ms: [ '2.1.3' ],
589 silly audit   yallist: [ '3.1.1' ],
589 silly audit   scheduler: [ '0.26.0' ],
589 silly audit   escalade: [ '3.2.0' ],
589 silly audit   esbuild: [ '0.21.5' ],
589 silly audit   fsevents: [ '2.3.3' ],
589 silly audit   postcss: [ '8.5.16' ],
589 silly audit   rollup: [ '4.62.2' ],
589 silly audit   '@esbuild/aix-ppc64': [ '0.21.5' ],
589 silly audit   '@esbuild/android-arm': [ '0.21.5' ],
589 silly audit   '@esbuild/android-arm64': [ '0.21.5' ],
589 silly audit   '@esbuild/android-x64': [ '0.21.5' ],
589 silly audit   '@esbuild/darwin-arm64': [ '0.21.5' ],
589 silly audit   '@esbuild/darwin-x64': [ '0.21.5' ],
589 silly audit   '@esbuild/freebsd-arm64': [ '0.21.5' ],
589 silly audit   '@esbuild/freebsd-x64': [ '0.21.5' ],
589 silly audit   '@esbuild/linux-arm': [ '0.21.5' ],
589 silly audit   '@esbuild/linux-arm64': [ '0.21.5' ],
589 silly audit   '@esbuild/linux-ia32': [ '0.21.5' ],
589 silly audit   '@esbuild/linux-loong64': [ '0.21.5' ],
589 silly audit   '@esbuild/linux-mips64el': [ '0.21.5' ],
589 silly audit   '@esbuild/linux-ppc64': [ '0.21.5' ],
589 silly audit   '@esbuild/linux-riscv64': [ '0.21.5' ],
589 silly audit   '@esbuild/linux-s390x': [ '0.21.5' ],
589 silly audit   '@esbuild/linux-x64': [ '0.21.5' ],
589 silly audit   '@esbuild/netbsd-x64': [ '0.21.5' ],
589 silly audit   '@esbuild/openbsd-x64': [ '0.21.5' ],
589 silly audit   '@esbuild/sunos-x64': [ '0.21.5' ],
589 silly audit   '@esbuild/win32-arm64': [ '0.21.5' ],
589 silly audit   '@esbuild/win32-ia32': [ '0.21.5' ],
589 silly audit   '@esbuild/win32-x64': [ '0.21.5' ],
589 silly audit   nanoid: [ '3.3.15' ],
589 silly audit   'source-map-js': [ '1.2.1' ],
589 silly audit   '@rollup/rollup-android-arm-eabi': [ '4.62.2' ],
589 silly audit   '@rollup/rollup-android-arm64': [ '4.62.2' ],
589 silly audit   '@rollup/rollup-darwin-arm64': [ '4.62.2' ],
589 silly audit   '@rollup/rollup-darwin-x64': [ '4.62.2' ],
589 silly audit   '@rollup/rollup-freebsd-arm64': [ '4.62.2' ],
589 silly audit   '@rollup/rollup-freebsd-x64': [ '4.62.2' ],
589 silly audit   '@rollup/rollup-linux-arm-gnueabihf': [ '4.62.2' ],
589 silly audit   '@rollup/rollup-linux-arm-musleabihf': [ '4.62.2' ],
589 silly audit   '@rollup/rollup-linux-arm64-gnu': [ '4.62.2' ],
589 silly audit   '@rollup/rollup-linux-arm64-musl': [ '4.62.2' ],
589 silly audit   '@rollup/rollup-linux-loong64-gnu': [ '4.62.2' ],
589 silly audit   '@rollup/rollup-linux-loong64-musl': [ '4.62.2' ],
589 silly audit   '@rollup/rollup-linux-ppc64-gnu': [ '4.62.2' ],
589 silly audit   '@rollup/rollup-linux-ppc64-musl': [ '4.62.2' ],
589 silly audit   '@rollup/rollup-linux-riscv64-gnu': [ '4.62.2' ],
589 silly audit   '@rollup/rollup-linux-riscv64-musl': [ '4.62.2' ],
589 silly audit   '@rollup/rollup-linux-s390x-gnu': [ '4.62.2' ],
589 silly audit   '@rollup/rollup-linux-x64-gnu': [ '4.62.2' ],
589 silly audit   '@rollup/rollup-linux-x64-musl': [ '4.62.2' ],
589 silly audit   '@rollup/rollup-openbsd-x64': [ '4.62.2' ],
589 silly audit   '@rollup/rollup-openharmony-arm64': [ '4.62.2' ],
589 silly audit   '@rollup/rollup-win32-arm64-msvc': [ '4.62.2' ],
589 silly audit   '@rollup/rollup-win32-ia32-msvc': [ '4.62.2' ],
589 silly audit   '@rollup/rollup-win32-x64-gnu': [ '4.62.2' ],
589 silly audit   '@rollup/rollup-win32-x64-msvc': [ '4.62.2' ],
589 silly audit   '@types/estree': [ '1.0.9' ]
589 silly audit }
590 verbose reify failed optional dependency /Users/idomc/Desktop/Egghead/MidSouth Lube/node_modules/@rollup/rollup-win32-x64-msvc
591 silly reify mark deleted [
591 silly reify   '/Users/idomc/Desktop/Egghead/MidSouth Lube/node_modules/@rollup/rollup-win32-x64-msvc'
591 silly reify ]
592 verbose reify failed optional dependency /Users/idomc/Desktop/Egghead/MidSouth Lube/node_modules/@rollup/rollup-win32-x64-gnu
593 silly reify mark deleted [
593 silly reify   '/Users/idomc/Desktop/Egghead/MidSouth Lube/node_modules/@rollup/rollup-win32-x64-gnu'
593 silly reify ]
594 verbose reify failed optional dependency /Users/idomc/Desktop/Egghead/MidSouth Lube/node_modules/@rollup/rollup-win32-ia32-msvc
595 silly reify mark deleted [
595 silly reify   '/Users/idomc/Desktop/Egghead/MidSouth Lube/node_modules/@rollup/rollup-win32-ia32-msvc'
595 silly reify ]
596 verbose reify failed optional dependency /Users/idomc/Desktop/Egghead/MidSouth Lube/node_modules/@rollup/rollup-win32-arm64-msvc
597 silly reify mark deleted [
597 silly reify   '/Users/idomc/Desktop/Egghead/MidSouth Lube/node_modules/@rollup/rollup-win32-arm64-msvc'
597 silly reify ]
598 verbose reify failed optional dependency /Users/idomc/Desktop/Egghead/MidSouth Lube/node_modules/@rollup/rollup-openharmony-arm64
599 silly reify mark deleted [
599 silly reify   '/Users/idomc/Desktop/Egghead/MidSouth Lube/node_modules/@rollup/rollup-openharmony-arm64'
599 silly reify ]
600 verbose reify failed optional dependency /Users/idomc/Desktop/Egghead/MidSouth Lube/node_modules/@rollup/rollup-openbsd-x64
601 silly reify mark deleted [
601 silly reify   '/Users/idomc/Desktop/Egghead/MidSouth Lube/node_modules/@rollup/rollup-openbsd-x64'
601 silly reify ]
602 verbose reify failed optional dependency /Users/idomc/Desktop/Egghead/MidSouth Lube/node_modules/@rollup/rollup-linux-x64-musl
603 silly reify mark deleted [
603 silly reify   '/Users/idomc/Desktop/Egghead/MidSouth Lube/node_modules/@rollup/rollup-linux-x64-musl'
603 silly reify ]
604 verbose reify failed optional dependency /Users/idomc/Desktop/Egghead/MidSouth Lube/node_modules/@rollup/rollup-linux-x64-gnu
605 silly reify mark deleted [
605 silly reify   '/Users/idomc/Desktop/Egghead/MidSouth Lube/node_modules/@rollup/rollup-linux-x64-gnu'
605 silly reify ]
606 verbose reify failed optional dependency /Users/idomc/Desktop/Egghead/MidSouth Lube/node_modules/@rollup/rollup-linux-s390x-gnu
607 silly reify mark deleted [
607 silly reify   '/Users/idomc/Desktop/Egghead/MidSouth Lube/node_modules/@rollup/rollup-linux-s390x-gnu'
607 silly reify ]
608 verbose reify failed optional dependency /Users/idomc/Desktop/Egghead/MidSouth Lube/node_modules/@rollup/rollup-linux-riscv64-musl
609 silly reify mark deleted [
609 silly reify   '/Users/idomc/Desktop/Egghead/MidSouth Lube/node_modules/@rollup/rollup-linux-riscv64-musl'
609 silly reify ]
610 verbose reify failed optional dependency /Users/idomc/Desktop/Egghead/MidSouth Lube/node_modules/@rollup/rollup-linux-riscv64-gnu
611 silly reify mark deleted [
611 silly reify   '/Users/idomc/Desktop/Egghead/MidSouth Lube/node_modules/@rollup/rollup-linux-riscv64-gnu'
611 silly reify ]
612 verbose reify failed optional dependency /Users/idomc/Desktop/Egghead/MidSouth Lube/node_modules/@rollup/rollup-linux-ppc64-musl
613 silly reify mark deleted [
613 silly reify   '/Users/idomc/Desktop/Egghead/MidSouth Lube/node_modules/@rollup/rollup-linux-ppc64-musl'
613 silly reify ]
614 verbose reify failed optional dependency /Users/idomc/Desktop/Egghead/MidSouth Lube/node_modules/@rollup/rollup-linux-ppc64-gnu
615 silly reify mark deleted [
615 silly reify   '/Users/idomc/Desktop/Egghead/MidSouth Lube/node_modules/@rollup/rollup-linux-ppc64-gnu'
615 silly reify ]
616 verbose reify failed optional dependency /Users/idomc/Desktop/Egghead/MidSouth Lube/node_modules/@rollup/rollup-linux-loong64-musl
617 silly reify mark deleted [
617 silly reify   '/Users/idomc/Desktop/Egghead/MidSouth Lube/node_modules/@rollup/rollup-linux-loong64-musl'
617 silly reify ]
618 verbose reify failed optional dependency /Users/idomc/Desktop/Egghead/MidSouth Lube/node_modules/@rollup/rollup-linux-loong64-gnu
619 silly reify mark deleted [
619 silly reify   '/Users/idomc/Desktop/Egghead/MidSouth Lube/node_modules/@rollup/rollup-linux-loong64-gnu'
619 silly reify ]
620 verbose reify failed optional dependency /Users/idomc/Desktop/Egghead/MidSouth Lube/node_modules/@rollup/rollup-linux-arm64-musl
621 silly reify mark deleted [
621 silly reify   '/Users/idomc/Desktop/Egghead/MidSouth Lube/node_modules/@rollup/rollup-linux-arm64-musl'
621 silly reify ]
622 verbose reify failed optional dependency /Users/idomc/Desktop/Egghead/MidSouth Lube/node_modules/@rollup/rollup-linux-arm64-gnu
623 silly reify mark deleted [
623 silly reify   '/Users/idomc/Desktop/Egghead/MidSouth Lube/node_modules/@rollup/rollup-linux-arm64-gnu'
623 silly reify ]
624 verbose reify failed optional dependency /Users/idomc/Desktop/Egghead/MidSouth Lube/node_modules/@rollup/rollup-linux-arm-musleabihf
625 silly reify mark deleted [
625 silly reify   '/Users/idomc/Desktop/Egghead/MidSouth Lube/node_modules/@rollup/rollup-linux-arm-musleabihf'
625 silly reify ]
626 verbose reify failed optional dependency /Users/idomc/Desktop/Egghead/MidSouth Lube/node_modules/@rollup/rollup-linux-arm-gnueabihf
627 silly reify mark deleted [
627 silly reify   '/Users/idomc/Desktop/Egghead/MidSouth Lube/node_modules/@rollup/rollup-linux-arm-gnueabihf'
627 silly reify ]
628 verbose reify failed optional dependency /Users/idomc/Desktop/Egghead/MidSouth Lube/node_modules/@rollup/rollup-freebsd-x64
629 silly reify mark deleted [
629 silly reify   '/Users/idomc/Desktop/Egghead/MidSouth Lube/node_modules/@rollup/rollup-freebsd-x64'
629 silly reify ]
630 verbose reify failed optional dependency /Users/idomc/Desktop/Egghead/MidSouth Lube/node_modules/@rollup/rollup-freebsd-arm64
631 silly reify mark deleted [
631 silly reify   '/Users/idomc/Desktop/Egghead/MidSouth Lube/node_modules/@rollup/rollup-freebsd-arm64'
631 silly reify ]
632 verbose reify failed optional dependency /Users/idomc/Desktop/Egghead/MidSouth Lube/node_modules/@rollup/rollup-darwin-x64
633 silly reify mark deleted [
633 silly reify   '/Users/idomc/Desktop/Egghead/MidSouth Lube/node_modules/@rollup/rollup-darwin-x64'
633 silly reify ]
634 verbose reify failed optional dependency /Users/idomc/Desktop/Egghead/MidSouth Lube/node_modules/@rollup/rollup-android-arm64
635 silly reify mark deleted [
635 silly reify   '/Users/idomc/Desktop/Egghead/MidSouth Lube/node_modules/@rollup/rollup-android-arm64'
635 silly reify ]
636 verbose reify failed optional dependency /Users/idomc/Desktop/Egghead/MidSouth Lube/node_modules/@rollup/rollup-android-arm-eabi
637 silly reify mark deleted [
637 silly reify   '/Users/idomc/Desktop/Egghead/MidSouth Lube/node_modules/@rollup/rollup-android-arm-eabi'
637 silly reify ]
638 verbose reify failed optional dependency /Users/idomc/Desktop/Egghead/MidSouth Lube/node_modules/@esbuild/win32-x64
639 silly reify mark deleted [
639 silly reify   '/Users/idomc/Desktop/Egghead/MidSouth Lube/node_modules/@esbuild/win32-x64'
639 silly reify ]
640 verbose reify failed optional dependency /Users/idomc/Desktop/Egghead/MidSouth Lube/node_modules/@esbuild/win32-ia32
641 silly reify mark deleted [
641 silly reify   '/Users/idomc/Desktop/Egghead/MidSouth Lube/node_modules/@esbuild/win32-ia32'
641 silly reify ]
642 verbose reify failed optional dependency /Users/idomc/Desktop/Egghead/MidSouth Lube/node_modules/@esbuild/win32-arm64
643 silly reify mark deleted [
643 silly reify   '/Users/idomc/Desktop/Egghead/MidSouth Lube/node_modules/@esbuild/win32-arm64'
643 silly reify ]
644 verbose reify failed optional dependency /Users/idomc/Desktop/Egghead/MidSouth Lube/node_modules/@esbuild/sunos-x64
645 silly reify mark deleted [
645 silly reify   '/Users/idomc/Desktop/Egghead/MidSouth Lube/node_modules/@esbuild/sunos-x64'
645 silly reify ]
646 verbose reify failed optional dependency /Users/idomc/Desktop/Egghead/MidSouth Lube/node_modules/@esbuild/openbsd-x64
647 silly reify mark deleted [
647 silly reify   '/Users/idomc/Desktop/Egghead/MidSouth Lube/node_modules/@esbuild/openbsd-x64'
647 silly reify ]
648 verbose reify failed optional dependency /Users/idomc/Desktop/Egghead/MidSouth Lube/node_modules/@esbuild/netbsd-x64
649 silly reify mark deleted [
649 silly reify   '/Users/idomc/Desktop/Egghead/MidSouth Lube/node_modules/@esbuild/netbsd-x64'
649 silly reify ]
650 verbose reify failed optional dependency /Users/idomc/Desktop/Egghead/MidSouth Lube/node_modules/@esbuild/linux-x64
651 silly reify mark deleted [
651 silly reify   '/Users/idomc/Desktop/Egghead/MidSouth Lube/node_modules/@esbuild/linux-x64'
651 silly reify ]
652 verbose reify failed optional dependency /Users/idomc/Desktop/Egghead/MidSouth Lube/node_modules/@esbuild/linux-s390x
653 silly reify mark deleted [
653 silly reify   '/Users/idomc/Desktop/Egghead/MidSouth Lube/node_modules/@esbuild/linux-s390x'
653 silly reify ]
654 verbose reify failed optional dependency /Users/idomc/Desktop/Egghead/MidSouth Lube/node_modules/@esbuild/linux-riscv64
655 silly reify mark deleted [
655 silly reify   '/Users/idomc/Desktop/Egghead/MidSouth Lube/node_modules/@esbuild/linux-riscv64'
655 silly reify ]
656 verbose reify failed optional dependency /Users/idomc/Desktop/Egghead/MidSouth Lube/node_modules/@esbuild/linux-ppc64
657 silly reify mark deleted [
657 silly reify   '/Users/idomc/Desktop/Egghead/MidSouth Lube/node_modules/@esbuild/linux-ppc64'
657 silly reify ]
658 verbose reify failed optional dependency /Users/idomc/Desktop/Egghead/MidSouth Lube/node_modules/@esbuild/linux-mips64el
659 silly reify mark deleted [
659 silly reify   '/Users/idomc/Desktop/Egghead/MidSouth Lube/node_modules/@esbuild/linux-mips64el'
659 silly reify ]
660 verbose reify failed optional dependency /Users/idomc/Desktop/Egghead/MidSouth Lube/node_modules/@esbuild/linux-loong64
661 silly reify mark deleted [
661 silly reify   '/Users/idomc/Desktop/Egghead/MidSouth Lube/node_modules/@esbuild/linux-loong64'
661 silly reify ]
662 verbose reify failed optional dependency /Users/idomc/Desktop/Egghead/MidSouth Lube/node_modules/@esbuild/linux-ia32
663 silly reify mark deleted [
663 silly reify   '/Users/idomc/Desktop/Egghead/MidSouth Lube/node_modules/@esbuild/linux-ia32'
663 silly reify ]
664 verbose reify failed optional dependency /Users/idomc/Desktop/Egghead/MidSouth Lube/node_modules/@esbuild/linux-arm64
665 silly reify mark deleted [
665 silly reify   '/Users/idomc/Desktop/Egghead/MidSouth Lube/node_modules/@esbuild/linux-arm64'
665 silly reify ]
666 verbose reify failed optional dependency /Users/idomc/Desktop/Egghead/MidSouth Lube/node_modules/@esbuild/linux-arm
667 silly reify mark deleted [
667 silly reify   '/Users/idomc/Desktop/Egghead/MidSouth Lube/node_modules/@esbuild/linux-arm'
667 silly reify ]
668 verbose reify failed optional dependency /Users/idomc/Desktop/Egghead/MidSouth Lube/node_modules/@esbuild/freebsd-x64
669 silly reify mark deleted [
669 silly reify   '/Users/idomc/Desktop/Egghead/MidSouth Lube/node_modules/@esbuild/freebsd-x64'
669 silly reify ]
670 verbose reify failed optional dependency /Users/idomc/Desktop/Egghead/MidSouth Lube/node_modules/@esbuild/freebsd-arm64
671 silly reify mark deleted [
671 silly reify   '/Users/idomc/Desktop/Egghead/MidSouth Lube/node_modules/@esbuild/freebsd-arm64'
671 silly reify ]
672 verbose reify failed optional dependency /Users/idomc/Desktop/Egghead/MidSouth Lube/node_modules/@esbuild/darwin-x64
673 silly reify mark deleted [
673 silly reify   '/Users/idomc/Desktop/Egghead/MidSouth Lube/node_modules/@esbuild/darwin-x64'
673 silly reify ]
674 verbose reify failed optional dependency /Users/idomc/Desktop/Egghead/MidSouth Lube/node_modules/@esbuild/android-x64
675 silly reify mark deleted [
675 silly reify   '/Users/idomc/Desktop/Egghead/MidSouth Lube/node_modules/@esbuild/android-x64'
675 silly reify ]
676 verbose reify failed optional dependency /Users/idomc/Desktop/Egghead/MidSouth Lube/node_modules/@esbuild/android-arm64
677 silly reify mark deleted [
677 silly reify   '/Users/idomc/Desktop/Egghead/MidSouth Lube/node_modules/@esbuild/android-arm64'
677 silly reify ]
678 verbose reify failed optional dependency /Users/idomc/Desktop/Egghead/MidSouth Lube/node_modules/@esbuild/android-arm
679 silly reify mark deleted [
679 silly reify   '/Users/idomc/Desktop/Egghead/MidSouth Lube/node_modules/@esbuild/android-arm'
679 silly reify ]
680 verbose reify failed optional dependency /Users/idomc/Desktop/Egghead/MidSouth Lube/node_modules/@esbuild/aix-ppc64
681 silly reify mark deleted [
681 silly reify   '/Users/idomc/Desktop/Egghead/MidSouth Lube/node_modules/@esbuild/aix-ppc64'
681 silly reify ]
682 http cache source-map-js@https://registry.npmjs.org/source-map-js/-/source-map-js-1.2.1.tgz 0ms (cache hit)
683 http cache @types/estree@https://registry.npmjs.org/@types/estree/-/estree-1.0.9.tgz 0ms (cache hit)
684 http cache rollup@https://registry.npmjs.org/rollup/-/rollup-4.62.2.tgz 0ms (cache hit)
685 http cache nanoid@https://registry.npmjs.org/nanoid/-/nanoid-3.3.15.tgz 0ms (cache hit)
686 http cache postcss@https://registry.npmjs.org/postcss/-/postcss-8.5.16.tgz 0ms (cache hit)
687 http cache @esbuild/darwin-arm64@https://registry.npmjs.org/@esbuild/darwin-arm64/-/darwin-arm64-0.21.5.tgz 0ms (cache hit)
688 http cache fsevents@https://registry.npmjs.org/fsevents/-/fsevents-2.3.3.tgz 0ms (cache hit)
689 http cache esbuild@https://registry.npmjs.org/esbuild/-/esbuild-0.21.5.tgz 0ms (cache hit)
690 http cache escalade@https://registry.npmjs.org/escalade/-/escalade-3.2.0.tgz 0ms (cache hit)
691 http cache scheduler@https://registry.npmjs.org/scheduler/-/scheduler-0.26.0.tgz 0ms (cache hit)
692 http cache yallist@https://registry.npmjs.org/yallist/-/yallist-3.1.1.tgz 0ms (cache hit)
693 http cache ms@https://registry.npmjs.org/ms/-/ms-2.1.3.tgz 0ms (cache hit)
694 http cache update-browserslist-db@https://registry.npmjs.org/update-browserslist-db/-/update-browserslist-db-1.2.3.tgz 0ms (cache hit)
695 http cache node-releases@https://registry.npmjs.org/node-releases/-/node-releases-2.0.50.tgz 0ms (cache hit)
696 http cache electron-to-chromium@https://registry.npmjs.org/electron-to-chromium/-/electron-to-chromium-1.5.380.tgz 0ms (cache hit)
697 http cache caniuse-lite@https://registry.npmjs.org/caniuse-lite/-/caniuse-lite-1.0.30001799.tgz 0ms (cache hit)
698 http cache @types/babel__traverse@https://registry.npmjs.org/@types/babel__traverse/-/babel__traverse-7.28.0.tgz 0ms (cache hit)
699 http cache @types/babel__template@https://registry.npmjs.org/@types/babel__template/-/babel__template-7.4.4.tgz 0ms (cache hit)
700 http cache baseline-browser-mapping@https://registry.npmjs.org/baseline-browser-mapping/-/baseline-browser-mapping-2.10.40.tgz 0ms (cache hit)
701 http cache @types/babel__generator@https://registry.npmjs.org/@types/babel__generator/-/babel__generator-7.27.0.tgz 0ms (cache hit)
702 http cache @jridgewell/resolve-uri@https://registry.npmjs.org/@jridgewell/resolve-uri/-/resolve-uri-3.1.2.tgz 0ms (cache hit)
703 http cache @jridgewell/sourcemap-codec@https://registry.npmjs.org/@jridgewell/sourcemap-codec/-/sourcemap-codec-1.5.5.tgz 0ms (cache hit)
704 http cache @babel/helper-string-parser@https://registry.npmjs.org/@babel/helper-string-parser/-/helper-string-parser-7.29.7.tgz 0ms (cache hit)
705 http cache @babel/helper-globals@https://registry.npmjs.org/@babel/helper-globals/-/helper-globals-7.29.7.tgz 0ms (cache hit)
706 http cache @babel/helper-module-imports@https://registry.npmjs.org/@babel/helper-module-imports/-/helper-module-imports-7.29.7.tgz 0ms (cache hit)
707 http cache @babel/helper-plugin-utils@https://registry.npmjs.org/@babel/helper-plugin-utils/-/helper-plugin-utils-7.29.7.tgz 0ms (cache hit)
708 http cache lru-cache@https://registry.npmjs.org/lru-cache/-/lru-cache-5.1.1.tgz 0ms (cache hit)
709 http cache @babel/helper-validator-option@https://registry.npmjs.org/@babel/helper-validator-option/-/helper-validator-option-7.29.7.tgz 0ms (cache hit)
710 http cache @babel/compat-data@https://registry.npmjs.org/@babel/compat-data/-/compat-data-7.29.7.tgz 0ms (cache hit)
711 http cache @jridgewell/trace-mapping@https://registry.npmjs.org/@jridgewell/trace-mapping/-/trace-mapping-0.3.31.tgz 0ms (cache hit)
712 http cache browserslist@https://registry.npmjs.org/browserslist/-/browserslist-4.28.4.tgz 0ms (cache hit)
713 http cache @jridgewell/gen-mapping@https://registry.npmjs.org/@jridgewell/gen-mapping/-/gen-mapping-0.3.13.tgz 0ms (cache hit)
714 http cache jsesc@https://registry.npmjs.org/jsesc/-/jsesc-3.1.0.tgz 0ms (cache hit)
715 http cache picocolors@https://registry.npmjs.org/picocolors/-/picocolors-1.1.1.tgz 0ms (cache hit)
716 http cache js-tokens@https://registry.npmjs.org/js-tokens/-/js-tokens-4.0.0.tgz 0ms (cache hit)
717 http cache @babel/helper-validator-identifier@https://registry.npmjs.org/@babel/helper-validator-identifier/-/helper-validator-identifier-7.29.7.tgz 0ms (cache hit)
718 http cache semver@https://registry.npmjs.org/semver/-/semver-6.3.1.tgz 0ms (cache hit)
719 http cache json5@https://registry.npmjs.org/json5/-/json5-2.2.3.tgz 0ms (cache hit)
720 http cache gensync@https://registry.npmjs.org/gensync/-/gensync-1.0.0-beta.2.tgz 0ms (cache hit)
721 http cache debug@https://registry.npmjs.org/debug/-/debug-4.4.3.tgz 0ms (cache hit)
722 http cache convert-source-map@https://registry.npmjs.org/convert-source-map/-/convert-source-map-2.0.0.tgz 0ms (cache hit)
723 http cache @jridgewell/remapping@https://registry.npmjs.org/@jridgewell/remapping/-/remapping-2.3.5.tgz 0ms (cache hit)
724 http cache @babel/types@https://registry.npmjs.org/@babel/types/-/types-7.29.7.tgz 0ms (cache hit)
725 http cache @babel/traverse@https://registry.npmjs.org/@babel/traverse/-/traverse-7.29.7.tgz 0ms (cache hit)
726 http cache @babel/parser@https://registry.npmjs.org/@babel/parser/-/parser-7.29.7.tgz 0ms (cache hit)
727 http cache @babel/template@https://registry.npmjs.org/@babel/template/-/template-7.29.7.tgz 0ms (cache hit)
728 http cache @babel/helpers@https://registry.npmjs.org/@babel/helpers/-/helpers-7.29.7.tgz 0ms (cache hit)
729 http cache @babel/helper-compilation-targets@https://registry.npmjs.org/@babel/helper-compilation-targets/-/helper-compilation-targets-7.29.7.tgz 0ms (cache hit)
730 http cache @babel/helper-module-transforms@https://registry.npmjs.org/@babel/helper-module-transforms/-/helper-module-transforms-7.29.7.tgz 0ms (cache hit)
731 http cache @babel/generator@https://registry.npmjs.org/@babel/generator/-/generator-7.29.7.tgz 0ms (cache hit)
732 http cache @babel/code-frame@https://registry.npmjs.org/@babel/code-frame/-/code-frame-7.29.7.tgz 0ms (cache hit)
733 http cache react-refresh@https://registry.npmjs.org/react-refresh/-/react-refresh-0.14.2.tgz 0ms (cache hit)
734 http cache @babel/plugin-transform-react-jsx-source@https://registry.npmjs.org/@babel/plugin-transform-react-jsx-source/-/plugin-transform-react-jsx-source-7.29.7.tgz 0ms (cache hit)
735 http cache @babel/plugin-transform-react-jsx-self@https://registry.npmjs.org/@babel/plugin-transform-react-jsx-self/-/plugin-transform-react-jsx-self-7.29.7.tgz 0ms (cache hit)
736 http cache @babel/core@https://registry.npmjs.org/@babel/core/-/core-7.29.7.tgz 0ms (cache hit)
737 http cache vite@https://registry.npmjs.org/vite/-/vite-5.4.2.tgz 0ms (cache hit)
738 http cache react-dom@https://registry.npmjs.org/react-dom/-/react-dom-19.1.0.tgz 0ms (cache hit)
739 http cache @types/babel__core@https://registry.npmjs.org/@types/babel__core/-/babel__core-7.20.5.tgz 0ms (cache hit)
740 http cache react@https://registry.npmjs.org/react/-/react-19.1.0.tgz 0ms (cache hit)
741 http cache @vitejs/plugin-react@https://registry.npmjs.org/@vitejs/plugin-react/-/plugin-react-4.3.1.tgz 0ms (cache hit)
742 http cache @fontsource-variable/ibm-plex-sans@https://registry.npmjs.org/@fontsource-variable/ibm-plex-sans/-/ibm-plex-sans-5.2.6.tgz 0ms (cache hit)
743 http cache @phosphor-icons/react@https://registry.npmjs.org/@phosphor-icons/react/-/react-2.1.10.tgz 0ms (cache hit)
744 http cache @rollup/rollup-darwin-arm64@https://registry.npmjs.org/@rollup/rollup-darwin-arm64/-/rollup-darwin-arm64-4.62.2.tgz 0ms (cache hit)
745 silly tarball no local data for source-map-js@https://registry.npmjs.org/source-map-js/-/source-map-js-1.2.1.tgz. Extracting by manifest.
746 silly tarball no local data for @types/estree@https://registry.npmjs.org/@types/estree/-/estree-1.0.9.tgz. Extracting by manifest.
747 silly tarball no local data for rollup@https://registry.npmjs.org/rollup/-/rollup-4.62.2.tgz. Extracting by manifest.
748 silly tarball no local data for nanoid@https://registry.npmjs.org/nanoid/-/nanoid-3.3.15.tgz. Extracting by manifest.
749 silly tarball no local data for postcss@https://registry.npmjs.org/postcss/-/postcss-8.5.16.tgz. Extracting by manifest.
750 silly tarball no local data for @esbuild/darwin-arm64@https://registry.npmjs.org/@esbuild/darwin-arm64/-/darwin-arm64-0.21.5.tgz. Extracting by manifest.
751 silly tarball no local data for fsevents@https://registry.npmjs.org/fsevents/-/fsevents-2.3.3.tgz. Extracting by manifest.
752 silly tarball no local data for esbuild@https://registry.npmjs.org/esbuild/-/esbuild-0.21.5.tgz. Extracting by manifest.
753 silly tarball no local data for escalade@https://registry.npmjs.org/escalade/-/escalade-3.2.0.tgz. Extracting by manifest.
754 silly tarball no local data for scheduler@https://registry.npmjs.org/scheduler/-/scheduler-0.26.0.tgz. Extracting by manifest.
755 silly tarball no local data for yallist@https://registry.npmjs.org/yallist/-/yallist-3.1.1.tgz. Extracting by manifest.
756 silly tarball no local data for ms@https://registry.npmjs.org/ms/-/ms-2.1.3.tgz. Extracting by manifest.
757 silly tarball no local data for update-browserslist-db@https://registry.npmjs.org/update-browserslist-db/-/update-browserslist-db-1.2.3.tgz. Extracting by manifest.
758 silly tarball no local data for node-releases@https://registry.npmjs.org/node-releases/-/node-releases-2.0.50.tgz. Extracting by manifest.
759 silly tarball no local data for electron-to-chromium@https://registry.npmjs.org/electron-to-chromium/-/electron-to-chromium-1.5.380.tgz. Extracting by manifest.
760 silly tarball no local data for caniuse-lite@https://registry.npmjs.org/caniuse-lite/-/caniuse-lite-1.0.30001799.tgz. Extracting by manifest.
761 silly tarball no local data for @types/babel__traverse@https://registry.npmjs.org/@types/babel__traverse/-/babel__traverse-7.28.0.tgz. Extracting by manifest.
762 silly tarball no local data for @types/babel__template@https://registry.npmjs.org/@types/babel__template/-/babel__template-7.4.4.tgz. Extracting by manifest.
763 silly tarball no local data for baseline-browser-mapping@https://registry.npmjs.org/baseline-browser-mapping/-/baseline-browser-mapping-2.10.40.tgz. Extracting by manifest.
764 silly tarball no local data for @types/babel__generator@https://registry.npmjs.org/@types/babel__generator/-/babel__generator-7.27.0.tgz. Extracting by manifest.
765 silly tarball no local data for @jridgewell/resolve-uri@https://registry.npmjs.org/@jridgewell/resolve-uri/-/resolve-uri-3.1.2.tgz. Extracting by manifest.
766 silly tarball no local data for @jridgewell/sourcemap-codec@https://registry.npmjs.org/@jridgewell/sourcemap-codec/-/sourcemap-codec-1.5.5.tgz. Extracting by manifest.
767 silly tarball no local data for @babel/helper-string-parser@https://registry.npmjs.org/@babel/helper-string-parser/-/helper-string-parser-7.29.7.tgz. Extracting by manifest.
768 silly tarball no local data for @babel/helper-globals@https://registry.npmjs.org/@babel/helper-globals/-/helper-globals-7.29.7.tgz. Extracting by manifest.
769 silly tarball no local data for @babel/helper-module-imports@https://registry.npmjs.org/@babel/helper-module-imports/-/helper-module-imports-7.29.7.tgz. Extracting by manifest.
770 silly tarball no local data for @babel/helper-plugin-utils@https://registry.npmjs.org/@babel/helper-plugin-utils/-/helper-plugin-utils-7.29.7.tgz. Extracting by manifest.
771 silly tarball no local data for lru-cache@https://registry.npmjs.org/lru-cache/-/lru-cache-5.1.1.tgz. Extracting by manifest.
772 silly tarball no local data for @babel/helper-validator-option@https://registry.npmjs.org/@babel/helper-validator-option/-/helper-validator-option-7.29.7.tgz. Extracting by manifest.
773 silly tarball no local data for @babel/compat-data@https://registry.npmjs.org/@babel/compat-data/-/compat-data-7.29.7.tgz. Extracting by manifest.
774 silly tarball no local data for @jridgewell/trace-mapping@https://registry.npmjs.org/@jridgewell/trace-mapping/-/trace-mapping-0.3.31.tgz. Extracting by manifest.
775 silly tarball no local data for browserslist@https://registry.npmjs.org/browserslist/-/browserslist-4.28.4.tgz. Extracting by manifest.
776 silly tarball no local data for @jridgewell/gen-mapping@https://registry.npmjs.org/@jridgewell/gen-mapping/-/gen-mapping-0.3.13.tgz. Extracting by manifest.
777 silly tarball no local data for jsesc@https://registry.npmjs.org/jsesc/-/jsesc-3.1.0.tgz. Extracting by manifest.
778 silly tarball no local data for picocolors@https://registry.npmjs.org/picocolors/-/picocolors-1.1.1.tgz. Extracting by manifest.
779 silly tarball no local data for js-tokens@https://registry.npmjs.org/js-tokens/-/js-tokens-4.0.0.tgz. Extracting by manifest.
780 silly tarball no local data for @babel/helper-validator-identifier@https://registry.npmjs.org/@babel/helper-validator-identifier/-/helper-validator-identifier-7.29.7.tgz. Extracting by manifest.
781 silly tarball no local data for semver@https://registry.npmjs.org/semver/-/semver-6.3.1.tgz. Extracting by manifest.
782 silly tarball no local data for json5@https://registry.npmjs.org/json5/-/json5-2.2.3.tgz. Extracting by manifest.
783 silly tarball no local data for gensync@https://registry.npmjs.org/gensync/-/gensync-1.0.0-beta.2.tgz. Extracting by manifest.
784 silly tarball no local data for debug@https://registry.npmjs.org/debug/-/debug-4.4.3.tgz. Extracting by manifest.
785 silly tarball no local data for convert-source-map@https://registry.npmjs.org/convert-source-map/-/convert-source-map-2.0.0.tgz. Extracting by manifest.
786 silly tarball no local data for @jridgewell/remapping@https://registry.npmjs.org/@jridgewell/remapping/-/remapping-2.3.5.tgz. Extracting by manifest.
787 silly tarball no local data for @babel/types@https://registry.npmjs.org/@babel/types/-/types-7.29.7.tgz. Extracting by manifest.
788 silly tarball no local data for @babel/traverse@https://registry.npmjs.org/@babel/traverse/-/traverse-7.29.7.tgz. Extracting by manifest.
789 silly tarball no local data for @babel/parser@https://registry.npmjs.org/@babel/parser/-/parser-7.29.7.tgz. Extracting by manifest.
790 silly tarball no local data for @babel/template@https://registry.npmjs.org/@babel/template/-/template-7.29.7.tgz. Extracting by manifest.
791 silly tarball no local data for @babel/helpers@https://registry.npmjs.org/@babel/helpers/-/helpers-7.29.7.tgz. Extracting by manifest.
792 silly tarball no local data for @babel/helper-compilation-targets@https://registry.npmjs.org/@babel/helper-compilation-targets/-/helper-compilation-targets-7.29.7.tgz. Extracting by manifest.
793 silly tarball no local data for @babel/helper-module-transforms@https://registry.npmjs.org/@babel/helper-module-transforms/-/helper-module-transforms-7.29.7.tgz. Extracting by manifest.
794 silly tarball no local data for @babel/generator@https://registry.npmjs.org/@babel/generator/-/generator-7.29.7.tgz. Extracting by manifest.
795 silly tarball no local data for @babel/code-frame@https://registry.npmjs.org/@babel/code-frame/-/code-frame-7.29.7.tgz. Extracting by manifest.
796 silly tarball no local data for react-refresh@https://registry.npmjs.org/react-refresh/-/react-refresh-0.14.2.tgz. Extracting by manifest.
797 silly tarball no local data for @babel/plugin-transform-react-jsx-source@https://registry.npmjs.org/@babel/plugin-transform-react-jsx-source/-/plugin-transform-react-jsx-source-7.29.7.tgz. Extracting by manifest.
798 silly tarball no local data for @babel/plugin-transform-react-jsx-self@https://registry.npmjs.org/@babel/plugin-transform-react-jsx-self/-/plugin-transform-react-jsx-self-7.29.7.tgz. Extracting by manifest.
799 silly tarball no local data for @babel/core@https://registry.npmjs.org/@babel/core/-/core-7.29.7.tgz. Extracting by manifest.
800 silly tarball no local data for vite@https://registry.npmjs.org/vite/-/vite-5.4.2.tgz. Extracting by manifest.
801 silly tarball no local data for react-dom@https://registry.npmjs.org/react-dom/-/react-dom-19.1.0.tgz. Extracting by manifest.
802 silly tarball no local data for @types/babel__core@https://registry.npmjs.org/@types/babel__core/-/babel__core-7.20.5.tgz. Extracting by manifest.
803 silly tarball no local data for react@https://registry.npmjs.org/react/-/react-19.1.0.tgz. Extracting by manifest.
804 silly tarball no local data for @vitejs/plugin-react@https://registry.npmjs.org/@vitejs/plugin-react/-/plugin-react-4.3.1.tgz. Extracting by manifest.
805 silly tarball no local data for @fontsource-variable/ibm-plex-sans@https://registry.npmjs.org/@fontsource-variable/ibm-plex-sans/-/ibm-plex-sans-5.2.6.tgz. Extracting by manifest.
806 silly tarball no local data for @phosphor-icons/react@https://registry.npmjs.org/@phosphor-icons/react/-/react-2.1.10.tgz. Extracting by manifest.
807 silly tarball no local data for @rollup/rollup-darwin-arm64@https://registry.npmjs.org/@rollup/rollup-darwin-arm64/-/rollup-darwin-arm64-4.62.2.tgz. Extracting by manifest.
808 http fetch POST 200 https://registry.npmjs.org/-/npm/v1/security/advisories/bulk 155ms
809 silly audit report {
809 silly audit report   vite: [
809 silly audit report     {
809 silly audit report       id: 1099693,
809 silly audit report       url: 'https://github.com/advisories/GHSA-64vr-g452-qvp3',
809 silly audit report       title: 'Vite DOM Clobbering gadget found in vite bundled scripts that leads to XSS',
809 silly audit report       severity: 'moderate',
809 silly audit report       vulnerable_versions: '>=5.4.0 <5.4.6',
809 silly audit report       cwe: [Array],
809 silly audit report       cvss: [Object]
809 silly audit report     },
809 silly audit report     {
809 silly audit report       id: 1099698,
809 silly audit report       url: 'https://github.com/advisories/GHSA-9cwx-2883-4wfx',
809 silly audit report       title: "Vite's `server.fs.deny` is bypassed when using `?import&raw`",
809 silly audit report       severity: 'moderate',
809 silly audit report       vulnerable_versions: '>=5.4.0 <=5.4.5',
809 silly audit report       cwe: [Array],
809 silly audit report       cvss: [Object]
809 silly audit report     },
809 silly audit report     {
809 silly audit report       id: 1102437,
809 silly audit report       url: 'https://github.com/advisories/GHSA-vg6x-rcgg-rjx6',
809 silly audit report       title: 'Websites were able to send any requests to the development server and read the response in vite',
809 silly audit report       severity: 'moderate',
809 silly audit report       vulnerable_versions: '>=5.0.0 <=5.4.11',
809 silly audit report       cwe: [Array],
809 silly audit report       cvss: [Object]
809 silly audit report     },
809 silly audit report     {
809 silly audit report       id: 1103517,
809 silly audit report       url: 'https://github.com/advisories/GHSA-x574-m823-4x7w',
809 silly audit report       title: 'Vite bypasses server.fs.deny when using ?raw??',
809 silly audit report       severity: 'moderate',
809 silly audit report       vulnerable_versions: '>=5.0.0 <5.4.15',
809 silly audit report       cwe: [Array],
809 silly audit report       cvss: [Object]
809 silly audit report     },
809 silly audit report     {
809 silly audit report       id: 1103884,
809 silly audit report       url: 'https://github.com/advisories/GHSA-356w-63v5-8wf4',
809 silly audit report       title: 'Vite has an `server.fs.deny` bypass with an invalid `request-target`',
809 silly audit report       severity: 'moderate',
809 silly audit report       vulnerable_versions: '>=5.0.0 <5.4.18',
809 silly audit report       cwe: [Array],
809 silly audit report       cvss: [Object]
809 silly audit report     },
809 silly audit report     {
809 silly audit report       id: 1104173,
809 silly audit report       url: 'https://github.com/advisories/GHSA-859w-5945-r5v3',
809 silly audit report       title: "Vite's server.fs.deny bypassed with /. for files under project root",
809 silly audit report       severity: 'moderate',
809 silly audit report       vulnerable_versions: '>=5.0.0 <=5.4.18',
809 silly audit report       cwe: [Array],
809 silly audit report       cvss: [Object]
809 silly audit report     },
809 silly audit report     {
809 silly audit report       id: 1104202,
809 silly audit report       url: 'https://github.com/advisories/GHSA-xcj6-pq6g-qj4x',
809 silly audit report       title: 'Vite allows server.fs.deny to be bypassed with .svg or relative paths',
809 silly audit report       severity: 'moderate',
809 silly audit report       vulnerable_versions: '>=5.0.0 <5.4.17',
809 silly audit report       cwe: [Array],
809 silly audit report       cvss: [Object]
809 silly audit report     },
809 silly audit report     {
809 silly audit report       id: 1107323,
809 silly audit report       url: 'https://github.com/advisories/GHSA-g4jq-h2w9-997c',
809 silly audit report       title: 'Vite middleware may serve files starting with the same name with the public directory',
809 silly audit report       severity: 'low',
809 silly audit report       vulnerable_versions: '<=5.4.19',
809 silly audit report       cwe: [Array],
809 silly audit report       cvss: [Object]
809 silly audit report     },
809 silly audit report     {
809 silly audit report       id: 1107327,
809 silly audit report       url: 'https://github.com/advisories/GHSA-jqfw-vq24-v9c3',
809 silly audit report       title: "Vite's `server.fs` settings were not applied to HTML files",
809 silly audit report       severity: 'low',
809 silly audit report       vulnerable_versions: '<=5.4.19',
809 silly audit report       cwe: [Array],
809 silly audit report       cvss: [Object]
809 silly audit report     },
809 silly audit report     {
809 silly audit report       id: 1109131,
809 silly audit report       url: 'https://github.com/advisories/GHSA-93m4-6634-74q7',
809 silly audit report       title: 'vite allows server.fs.deny bypass via backslash on Windows',
809 silly audit report       severity: 'moderate',
809 silly audit report       vulnerable_versions: '>=5.2.6 <=5.4.20',
809 silly audit report       cwe: [Array],
809 silly audit report       cvss: [Object]
809 silly audit report     },
809 silly audit report     {
809 silly audit report       id: 1112511,
809 silly audit report       url: 'https://github.com/advisories/GHSA-4r4m-qw57-chr8',
809 silly audit report       title: 'Vite has a `server.fs.deny` bypassed for `inline` and `raw` with `?import` query',
809 silly audit report       severity: 'moderate',
809 silly audit report       vulnerable_versions: '>=5.0.0 <5.4.16',
809 silly audit report       cwe: [Array],
809 silly audit report       cvss: [Object]
809 silly audit report     },
809 silly audit report     {
809 silly audit report       id: 1120061,
809 silly audit report       url: 'https://github.com/advisories/GHSA-c27g-q93r-2cwf',
809 silly audit report       title: 'launch-editor vulnerable to command injection via the crafted request on Windows',
809 silly audit report       severity: 'high',
809 silly audit report       vulnerable_versions: '<=5.4.8',
809 silly audit report       cwe: [Array],
809 silly audit report       cvss: [Object]
809 silly audit report     },
809 silly audit report     {
809 silly audit report       id: 1120784,
809 silly audit report       url: 'https://github.com/advisories/GHSA-v6wh-96g9-6wx3',
809 silly audit report       title: 'launch-editor: NTLMv2 hash disclosure via UNC path handling on Windows',
809 silly audit report       severity: 'moderate',
809 silly audit report       vulnerable_versions: '<=6.4.2',
809 silly audit report       cwe: [Array],
809 silly audit report       cvss: [Object]
809 silly audit report     },
809 silly audit report     {
809 silly audit report       id: 1120789,
809 silly audit report       url: 'https://github.com/advisories/GHSA-fx2h-pf6j-xcff',
809 silly audit report       title: 'vite: `server.fs.deny` bypass on Windows alternate paths',
809 silly audit report       severity: 'high',
809 silly audit report       vulnerable_versions: '<=6.4.2',
809 silly audit report       cwe: [Array],
809 silly audit report       cvss: [Object]
809 silly audit report     },
809 silly audit report     {
809 silly audit report       id: 1116229,
809 silly audit report       url: 'https://github.com/advisories/GHSA-4w7w-66w2-5vf9',
809 silly audit report       title: 'Vite Vulnerable to Path Traversal in Optimized Deps `.map` Handling',
809 silly audit report       severity: 'moderate',
809 silly audit report       vulnerable_versions: '<=6.4.1',
809 silly audit report       cwe: [Array],
809 silly audit report       cvss: [Object]
809 silly audit report     }
809 silly audit report   ],
809 silly audit report   esbuild: [
809 silly audit report     {
809 silly audit report       id: 1102341,
809 silly audit report       url: 'https://github.com/advisories/GHSA-67mh-4wv8-2f99',
809 silly audit report       title: 'esbuild enables any website to send any requests to the development server and read the response',
809 silly audit report       severity: 'moderate',
809 silly audit report       vulnerable_versions: '<=0.24.2',
809 silly audit report       cwe: [Array],
809 silly audit report       cvss: [Object]
809 silly audit report     }
809 silly audit report   ]
809 silly audit report }
810 silly packumentCache corgi:https://registry.npmjs.org/vite cache-miss
811 silly packumentCache corgi:https://registry.npmjs.org/esbuild cache-miss
812 http fetch GET 200 https://registry.npmjs.org/nanoid/-/nanoid-3.3.15.tgz 239ms (cache miss)
813 http fetch GET 200 https://registry.npmjs.org/@types/estree/-/estree-1.0.9.tgz 256ms (cache miss)
814 http fetch GET 200 https://registry.npmjs.org/@types/babel__traverse/-/babel__traverse-7.28.0.tgz 324ms (cache miss)
815 http fetch GET 200 https://registry.npmjs.org/@types/babel__template/-/babel__template-7.4.4.tgz 366ms (cache miss)
816 http fetch GET 200 https://registry.npmjs.org/@types/babel__generator/-/babel__generator-7.27.0.tgz 381ms (cache miss)
817 http fetch GET 200 https://registry.npmjs.org/electron-to-chromium/-/electron-to-chromium-1.5.380.tgz 383ms (cache miss)
818 http fetch GET 200 https://registry.npmjs.org/@jridgewell/resolve-uri/-/resolve-uri-3.1.2.tgz 437ms (cache miss)
819 http fetch GET 200 https://registry.npmjs.org/source-map-js/-/source-map-js-1.2.1.tgz 447ms (cache miss)
820 http fetch GET 200 https://registry.npmjs.org/escalade/-/escalade-3.2.0.tgz 482ms (cache miss)
821 http fetch GET 200 https://registry.npmjs.org/lru-cache/-/lru-cache-5.1.1.tgz 486ms (cache miss)
822 http fetch GET 200 https://registry.npmjs.org/@babel/helper-globals/-/helper-globals-7.29.7.tgz 488ms (cache miss)
823 http fetch GET 200 https://registry.npmjs.org/@babel/helper-string-parser/-/helper-string-parser-7.29.7.tgz 490ms (cache miss)
824 http fetch GET 200 https://registry.npmjs.org/yallist/-/yallist-3.1.1.tgz 516ms (cache miss)
825 http fetch GET 200 https://registry.npmjs.org/update-browserslist-db/-/update-browserslist-db-1.2.3.tgz 523ms (cache miss)
826 http fetch GET 200 https://registry.npmjs.org/@babel/helper-module-imports/-/helper-module-imports-7.29.7.tgz 534ms (cache miss)
827 http fetch GET 200 https://registry.npmjs.org/baseline-browser-mapping/-/baseline-browser-mapping-2.10.40.tgz 536ms (cache miss)
828 http fetch GET 200 https://registry.npmjs.org/@babel/helper-plugin-utils/-/helper-plugin-utils-7.29.7.tgz 535ms (cache miss)
829 http fetch GET 200 https://registry.npmjs.org/ms/-/ms-2.1.3.tgz 544ms (cache miss)
830 http fetch GET 200 https://registry.npmjs.org/picocolors/-/picocolors-1.1.1.tgz 565ms (cache miss)
831 http fetch GET 200 https://registry.npmjs.org/debug/-/debug-4.4.3.tgz 563ms (cache miss)
832 http fetch GET 200 https://registry.npmjs.org/@babel/helper-validator-identifier/-/helper-validator-identifier-7.29.7.tgz 567ms (cache miss)
833 http fetch GET 200 https://registry.npmjs.org/gensync/-/gensync-1.0.0-beta.2.tgz 566ms (cache miss)
834 http fetch GET 200 https://registry.npmjs.org/js-tokens/-/js-tokens-4.0.0.tgz 570ms (cache miss)
835 http fetch GET 200 https://registry.npmjs.org/@babel/helper-validator-option/-/helper-validator-option-7.29.7.tgz 579ms (cache miss)
836 http fetch GET 200 https://registry.npmjs.org/convert-source-map/-/convert-source-map-2.0.0.tgz 586ms (cache miss)
837 http fetch GET 200 https://registry.npmjs.org/node-releases/-/node-releases-2.0.50.tgz 594ms (cache miss)
838 http fetch GET 200 https://registry.npmjs.org/@babel/helper-compilation-targets/-/helper-compilation-targets-7.29.7.tgz 618ms (cache miss)
839 http fetch GET 200 https://registry.npmjs.org/react-refresh/-/react-refresh-0.14.2.tgz 622ms (cache miss)
840 http fetch GET 200 https://registry.npmjs.org/@babel/plugin-transform-react-jsx-source/-/plugin-transform-react-jsx-source-7.29.7.tgz 625ms (cache miss)
841 http fetch GET 200 https://registry.npmjs.org/@babel/plugin-transform-react-jsx-self/-/plugin-transform-react-jsx-self-7.29.7.tgz 627ms (cache miss)
842 http fetch GET 200 https://registry.npmjs.org/@types/babel__core/-/babel__core-7.20.5.tgz 648ms (cache miss)
843 http fetch GET 200 https://registry.npmjs.org/@vitejs/plugin-react/-/plugin-react-4.3.1.tgz 651ms (cache miss)
844 http fetch GET 200 https://registry.npmjs.org/scheduler/-/scheduler-0.26.0.tgz 665ms (cache miss)
845 http fetch GET 200 https://registry.npmjs.org/jsesc/-/jsesc-3.1.0.tgz 673ms (cache miss)
846 http fetch GET 200 https://registry.npmjs.org/@babel/compat-data/-/compat-data-7.29.7.tgz 677ms (cache miss)
847 http fetch GET 200 https://registry.npmjs.org/@jridgewell/sourcemap-codec/-/sourcemap-codec-1.5.5.tgz 680ms (cache miss)
848 http fetch GET 200 https://registry.npmjs.org/browserslist/-/browserslist-4.28.4.tgz 685ms (cache miss)
849 http fetch GET 200 https://registry.npmjs.org/fsevents/-/fsevents-2.3.3.tgz 699ms (cache miss)
850 http fetch GET 200 https://registry.npmjs.org/@babel/code-frame/-/code-frame-7.29.7.tgz 696ms (cache miss)
851 http fetch GET 200 https://registry.npmjs.org/semver/-/semver-6.3.1.tgz 704ms (cache miss)
852 http fetch GET 200 https://registry.npmjs.org/esbuild/-/esbuild-0.21.5.tgz 731ms (cache miss)
853 http fetch GET 200 https://registry.npmjs.org/@babel/template/-/template-7.29.7.tgz 807ms (cache miss)
854 http fetch GET 200 https://registry.npmjs.org/postcss/-/postcss-8.5.16.tgz 832ms (cache miss)
855 http fetch GET 200 https://registry.npmjs.org/@jridgewell/remapping/-/remapping-2.3.5.tgz 834ms (cache miss)
856 http fetch GET 200 https://registry.npmjs.org/react/-/react-19.1.0.tgz 840ms (cache miss)
857 http fetch GET 200 https://registry.npmjs.org/@jridgewell/gen-mapping/-/gen-mapping-0.3.13.tgz 848ms (cache miss)
858 http fetch GET 200 https://registry.npmjs.org/@babel/helper-module-transforms/-/helper-module-transforms-7.29.7.tgz 849ms (cache miss)
859 http fetch GET 200 https://registry.npmjs.org/@jridgewell/trace-mapping/-/trace-mapping-0.3.31.tgz 877ms (cache miss)
860 http fetch GET 200 https://registry.npmjs.org/json5/-/json5-2.2.3.tgz 880ms (cache miss)
861 http fetch GET 200 https://registry.npmjs.org/@babel/generator/-/generator-7.29.7.tgz 959ms (cache miss)
862 http fetch GET 200 https://registry.npmjs.org/esbuild 847ms (cache miss)
863 silly packumentCache corgi:https://registry.npmjs.org/esbuild set size:undefined disposed:false
864 http fetch GET 200 https://registry.npmjs.org/@babel/traverse/-/traverse-7.29.7.tgz 1064ms (cache miss)
865 http fetch GET 200 https://registry.npmjs.org/@rollup/rollup-darwin-arm64/-/rollup-darwin-arm64-4.62.2.tgz 1113ms (cache miss)
866 http fetch GET 200 https://registry.npmjs.org/vite 1019ms (cache miss)
867 silly packumentCache corgi:https://registry.npmjs.org/vite set size:undefined disposed:false
868 http fetch GET 200 https://registry.npmjs.org/@babel/parser/-/parser-7.29.7.tgz 1354ms (cache miss)
869 http fetch GET 200 https://registry.npmjs.org/@fontsource-variable/ibm-plex-sans/-/ibm-plex-sans-5.2.6.tgz 1473ms (cache miss)
870 http fetch GET 200 https://registry.npmjs.org/rollup/-/rollup-4.62.2.tgz 1491ms (cache miss)
871 http fetch GET 200 https://registry.npmjs.org/@babel/core/-/core-7.29.7.tgz 1516ms (cache miss)
872 http fetch GET 200 https://registry.npmjs.org/vite/-/vite-5.4.2.tgz 1557ms (cache miss)
873 http fetch GET 200 https://registry.npmjs.org/@babel/helpers/-/helpers-7.29.7.tgz 1676ms (cache miss)
874 http fetch GET 200 https://registry.npmjs.org/@babel/types/-/types-7.29.7.tgz 1757ms (cache miss)
875 http fetch GET 200 https://registry.npmjs.org/react-dom/-/react-dom-19.1.0.tgz 1816ms (cache miss)
876 http fetch GET 200 https://registry.npmjs.org/@esbuild/darwin-arm64/-/darwin-arm64-0.21.5.tgz 1946ms (cache miss)
877 http fetch GET 200 https://registry.npmjs.org/caniuse-lite/-/caniuse-lite-1.0.30001799.tgz 2194ms (cache miss)
878 http fetch GET 200 https://registry.npmjs.org/@phosphor-icons/react/-/react-2.1.10.tgz 5617ms (cache miss)
879 info run fsevents@2.3.3 install node_modules/fsevents node-gyp rebuild
880 info run fsevents@2.3.3 install { code: 1, signal: null }
881 verbose reify failed optional dependency /Users/idomc/Desktop/Egghead/MidSouth Lube/node_modules/fsevents
882 silly reify mark deleted [ '/Users/idomc/Desktop/Egghead/MidSouth Lube/node_modules/fsevents' ]
883 info run esbuild@0.21.5 postinstall node_modules/esbuild node install.js
884 info run esbuild@0.21.5 postinstall { code: 0, signal: null }
885 silly ADD node_modules/@types/estree
886 silly ADD
887 silly ADD
888 silly ADD
889 silly ADD
890 silly ADD
891 silly ADD
892 silly ADD
893 silly ADD
894 silly ADD
895 silly ADD
896 silly ADD
897 silly ADD
898 silly ADD
899 silly ADD
900 silly ADD
901 silly ADD
902 silly ADD
903 silly ADD
904 silly ADD
905 silly ADD
906 silly ADD
907 silly ADD
908 silly ADD node_modules/@rollup/rollup-darwin-arm64
909 silly ADD
910 silly ADD
911 silly ADD node_modules/source-map-js
912 silly ADD node_modules/nanoid
913 silly ADD
914 silly ADD
915 silly ADD
916 silly ADD
917 silly ADD
918 silly ADD
919 silly ADD
920 silly ADD
921 silly ADD
922 silly ADD
923 silly ADD
924 silly ADD
925 silly ADD
926 silly ADD
927 silly ADD
928 silly ADD
929 silly ADD
930 silly ADD
931 silly ADD node_modules/@esbuild/darwin-arm64
932 silly ADD
933 silly ADD
934 silly ADD
935 silly ADD
936 silly ADD node_modules/rollup
937 silly ADD node_modules/postcss
938 silly ADD
939 silly ADD node_modules/esbuild
940 silly ADD node_modules/escalade
941 silly ADD node_modules/scheduler
942 silly ADD node_modules/yallist
943 silly ADD node_modules/ms
944 silly ADD node_modules/update-browserslist-db
945 silly ADD node_modules/node-releases
946 silly ADD node_modules/electron-to-chromium
947 silly ADD node_modules/caniuse-lite
948 silly ADD node_modules/baseline-browser-mapping
949 silly ADD node_modules/@types/babel__traverse
950 silly ADD node_modules/@types/babel__template
951 silly ADD node_modules/@types/babel__generator
952 silly ADD node_modules/@jridgewell/resolve-uri
953 silly ADD node_modules/@jridgewell/sourcemap-codec
954 silly ADD node_modules/@babel/helper-string-parser
955 silly ADD node_modules/@babel/helper-globals
956 silly ADD node_modules/@babel/helper-plugin-utils
957 silly ADD node_modules/@babel/helper-module-imports
958 silly ADD node_modules/lru-cache
959 silly ADD node_modules/browserslist
960 silly ADD node_modules/@babel/helper-validator-option
961 silly ADD node_modules/@babel/compat-data
962 silly ADD node_modules/jsesc
963 silly ADD node_modules/@jridgewell/trace-mapping
964 silly ADD node_modules/@jridgewell/gen-mapping
965 silly ADD node_modules/picocolors
966 silly ADD node_modules/js-tokens
967 silly ADD node_modules/@babel/helper-validator-identifier
968 silly ADD node_modules/semver
969 silly ADD node_modules/json5
970 silly ADD node_modules/gensync
971 silly ADD node_modules/debug
972 silly ADD node_modules/convert-source-map
973 silly ADD node_modules/@jridgewell/remapping
974 silly ADD node_modules/@babel/types
975 silly ADD node_modules/@babel/traverse
976 silly ADD node_modules/@babel/template
977 silly ADD node_modules/@babel/parser
978 silly ADD node_modules/@babel/helpers
979 silly ADD node_modules/@babel/helper-module-transforms
980 silly ADD node_modules/@babel/helper-compilation-targets
981 silly ADD node_modules/@babel/generator
982 silly ADD node_modules/@babel/code-frame
983 silly ADD node_modules/react-refresh
984 silly ADD node_modules/@types/babel__core
985 silly ADD node_modules/@babel/plugin-transform-react-jsx-source
986 silly ADD node_modules/@babel/plugin-transform-react-jsx-self
987 silly ADD node_modules/@babel/core
988 silly ADD node_modules/vite
989 silly ADD node_modules/react-dom
990 silly ADD node_modules/react
991 silly ADD node_modules/@vitejs/plugin-react
992 silly ADD node_modules/@phosphor-icons/react
993 silly ADD node_modules/@fontsource-variable/ibm-plex-sans
994 verbose cwd /Users/idomc/Desktop/Egghead/MidSouth Lube
995 verbose os Darwin 24.6.0
996 verbose node v22.22.0
997 verbose npm  v10.9.4
998 notice
998 notice New major version of npm available! 10.9.4 -> 11.17.0
998 notice Changelog: https://github.com/npm/cli/releases/tag/v11.17.0
998 notice To update run: npm install -g npm@11.17.0
998 notice  { force: true, [Symbol(proc-log.meta)]: true }
999 verbose exit 0
1000 info ok
